accepted_time,answers_time,comments_time,link,posts_id
2010-12-07 13:34:45Z,"2010-12-07 13:34:45Z,2010-12-07 13:54:30Z,2010-12-07 15:08:21Z,2018-03-08 09:42:31Z,2010-12-07 13:36:01Z,2016-09-12 06:05:43Z,2015-07-21 04:12:54Z,2017-12-29 02:04:07Z,2018-09-05 06:45:20Z",,https://stackoverflow.com/questions/4377109/shell-script-execute-a-python-program-from-within-a-shell-script,"4377109,4377147,4377344,4378134,49169924,4377161,39444202,31530246,48016549,52178728"
2010-11-14 16:56:44Z,"2010-11-14 16:56:44Z,2010-11-12 19:34:20Z,2010-11-12 17:20:02Z,2010-11-12 17:23:55Z",,https://stackoverflow.com/questions/4167233/how-do-i-pass-arrays-from-java-to-c-using-swig,"4167233,4178543,4168367,4167311,4167351"
2012-08-15 20:43:28Z,2012-08-15 20:43:28Z,,https://stackoverflow.com/questions/11926340/how-to-pass-a-c-object-to-another-c-object-with-boost-python,"11926340,11976960"
2018-02-06 17:15:48Z,"2018-02-06 17:15:48Z,2015-10-25 05:59:33Z,2019-03-15 18:40:06Z,2019-06-28 06:38:05Z,2015-10-25 05:59:20Z,2019-06-05 06:35:47Z,2018-08-28 07:41:40Z,2020-03-31 12:57:35Z,2021-08-13 08:51:07Z",,https://stackoverflow.com/questions/33326699/passing-laravel-array-in-javascript,"33326699,48648482,33326706,55188880,56802028,33326705,56455317,52052554,60951116,68769400"
2013-03-18 19:54:40Z,"2013-03-18 19:54:40Z,2014-06-10 12:25:20Z,2014-05-22 14:56:15Z,2014-05-22 19:01:59Z,2014-06-27 06:46:54Z,2014-03-18 00:02:42Z,2015-03-11 14:31:05Z,2015-06-17 02:34:42Z,2016-07-14 08:04:46Z",,https://stackoverflow.com/questions/15485354/angularjs-http-post-to-php-and-undefined,"15485354,15485690,24140930,23810374,23815156,24445592,22467876,28989363,30881404,38368714"
2014-03-03 17:04:40Z,"2014-03-03 17:04:40Z,2015-05-03 06:16:24Z,2017-06-23 18:18:18Z",,https://stackoverflow.com/questions/21278915/getting-to-interactive-django-shell-in-pydev,"21278915,22152776,30010841,44727706"
2013-05-07 14:56:22Z,"2013-05-07 14:56:22Z,2013-12-27 09:23:49Z",,https://stackoverflow.com/questions/14661249/java-jni-creating-a-swing-window-using-jni-from-c,"14661249,16422230,20798044"
2014-01-16 05:15:29Z,"2014-01-16 05:15:29Z,2017-03-15 19:52:14Z,2018-06-11 16:03:54Z,2020-04-14 16:11:19Z,2017-05-03 13:22:44Z",,https://stackoverflow.com/questions/21153805/convert-php-associative-array-into-javascript-object,"21153805,21153859,42819425,50801851,61212271,43761348"
2015-04-20 13:45:46Z,2015-04-20 13:45:46Z,,https://stackoverflow.com/questions/29745584/using-getdirectbufferaddress-from-jni,"29745584,29749706"
2017-05-22 23:03:08Z,2017-05-22 23:03:08Z,,https://stackoverflow.com/questions/44123252/detecting-c-types-limits-limits-h-in-python,"44123252,44123354"
2010-04-02 13:09:41Z,"2010-04-02 13:09:41Z,2010-04-02 13:18:28Z,2010-04-02 13:25:11Z,2010-04-02 13:41:05Z,2010-04-02 13:46:01Z,2015-07-16 06:26:27Z",,https://stackoverflow.com/questions/2566764/encode-compress-sequence-of-repeating-integers,"2566764,2566779,2566804,2566830,2566911,2566939,31446704"
2011-12-28 12:07:21Z,"2011-12-28 12:07:21Z,2011-12-28 11:26:08Z",,https://stackoverflow.com/questions/8654519/what-happens-if-i-call-a-java-function-from-multiple-threads-from-c-with-jni,"8654519,8655724,8655299"
2010-03-17 12:49:54Z,"2010-03-17 12:49:54Z,2010-03-17 12:47:52Z,2010-03-17 12:52:42Z,2012-08-03 21:14:06Z",,https://stackoverflow.com/questions/2462230/interacting-with-java-code-from-c-sharp,"2462230,2462256,2462243,2462268,11803385"
2010-04-18 18:41:53Z,"2010-04-18 18:41:53Z,2010-04-18 18:43:32Z",,https://stackoverflow.com/questions/2663429/what-is-the-best-way-to-identify-which-form-has-been-submitted,"2663429,2663438,2663449"
2019-11-21 23:49:08Z,"2019-11-21 23:49:08Z,2019-11-19 05:55:07Z,2019-11-21 07:58:26Z,2019-11-22 20:11:36Z,2019-11-23 23:52:38Z",,https://stackoverflow.com/questions/58927296/adding-utf-8-support-to-js-php-script,"58927296,58985464,58927513,58969914,59001121,59013391"
2009-04-28 18:16:33Z,2009-04-28 18:16:33Z,,https://stackoverflow.com/questions/799076/returning-a-stdstring-from-a-c-dll-to-a-c-sharp-program-invalid-address-s,"799076,799210"
2016-10-25 21:28:16Z,"2016-10-25 21:28:16Z,2016-10-09 22:40:08Z",,https://stackoverflow.com/questions/39948485/how-can-i-convert-python-boolean-object-to-c-int-or-c-boolean-python-c-api,"39948485,40250033,39949255"
2015-05-09 22:00:10Z,"2015-05-09 22:00:10Z,2015-12-22 23:43:07Z",,https://stackoverflow.com/questions/29733594/thymeleaf-print-json-string-as-json-object-into-a-javascript-variable,"29733594,30145476,34426339"
2010-12-06 11:12:53Z,"2010-12-06 11:12:53Z,2011-12-05 10:58:58Z,2013-04-17 10:27:10Z,2011-09-20 15:11:26Z,2010-12-06 11:09:34Z,2016-09-02 11:34:05Z,2017-11-24 09:19:49Z",,https://stackoverflow.com/questions/4365738/how-to-access-php-session-variables-from-jquery-function-in-a-js-file,"4365738,4365782,8384258,16057628,7487498,4365748,39291391,47469959"
2011-01-04 07:37:46Z,"2011-01-04 07:37:46Z,2011-01-04 07:56:15Z",,https://stackoverflow.com/questions/4591461/marshalling-a-char-in-c-sharp,"4591461,4591475,4591580"
2012-11-05 23:37:15Z,"2012-11-05 23:37:15Z,2012-11-06 02:00:09Z,2012-11-05 23:33:29Z,2012-11-05 23:51:36Z,2012-11-06 02:11:52Z,2012-11-06 02:58:52Z",,https://stackoverflow.com/questions/13242098/why-should-i-embed-a-scripting-language,"13242098,13242184,13243326,13242135,13242331,13243389,13243687"
2009-08-21 00:19:39Z,"2009-08-21 00:19:39Z,2009-08-21 01:32:44Z",,https://stackoverflow.com/questions/1309509/correct-way-to-marshal-size-t,"1309509,1309514,1309680"
2012-03-14 06:36:46Z,2012-03-14 06:36:46Z,,https://stackoverflow.com/questions/9696980/php-constant-inside-js-file,"9696980,9697035"
2010-03-04 18:29:16Z,"2010-03-04 18:29:16Z,2019-03-02 14:51:44Z",,https://stackoverflow.com/questions/2381241/what-is-the-subprocess-popen-max-length-of-the-args-parameter,"2381241,2381726,54959775"
2012-11-08 13:45:47Z,"2012-11-08 13:45:47Z,2018-03-21 03:34:23Z,2014-11-29 04:10:27Z,2020-11-18 15:45:24Z",,https://stackoverflow.com/questions/13289171/marshalasunmanagedtype-lpstr-how-does-this-convert-utf-8-strings-to-char,"13289171,13290184,49397711,27198771,64896430"
2011-07-29 11:44:00Z,"2011-07-29 11:44:00Z,2011-08-01 07:23:26Z",,https://stackoverflow.com/questions/6872482/how-to-write-javascript-in-the-code-behind-file,"6872482,6872602,6895314"
2009-04-30 19:45:40Z,"2009-04-30 19:45:40Z,2009-04-30 20:53:52Z,2009-04-30 20:05:49Z,2009-04-30 20:15:16Z,2009-06-27 11:33:14Z,2009-04-30 19:52:54Z",,https://stackoverflow.com/questions/808692/creating-an-interactive-shell-for-net-apps-and-embed-scripting-languages-like-p,"808692,808701,809017,808786,808812,1052679,808730"
2008-10-18 19:59:25Z,"2008-10-18 19:59:25Z,2008-10-17 20:00:47Z,2008-10-17 20:47:20Z",,https://stackoverflow.com/questions/213628/how-to-convert-a-c-string-char-array-into-a-python-string-when-there-are-non-a,"213628,215507,213639,213795"
2011-11-23 13:17:38Z,2011-11-23 13:17:38Z,,https://stackoverflow.com/questions/8241732/application-exits-no-exception-when-referencing-64bit-dll-from-c-sharp,"8241732,8242828"
2010-08-11 12:36:38Z,2010-08-11 12:36:38Z,,https://stackoverflow.com/questions/3456345/gwt-how-to-return-and-handle-an-error-from-multipart-form-file-upload,"3456345,3458251"
2012-04-06 08:50:50Z,"2012-04-06 08:50:50Z,2016-06-28 15:41:14Z",,https://stackoverflow.com/questions/9993465/handling-session-timeout-on-client-side,"9993465,10041203,38080650"
2015-08-15 19:19:32Z,"2015-08-15 19:19:32Z,2015-08-15 19:13:00Z",,https://stackoverflow.com/questions/32028339/writing-a-long-from-java-in-a-file-and-reading-it-in-c,"32028339,32028423,32028355"
2011-08-14 13:48:42Z,"2011-08-14 13:26:41Z,2011-08-14 13:48:42Z,2011-08-14 13:26:19Z,2011-08-14 13:41:49Z",,https://stackoverflow.com/questions/7057022/is-it-safe-to-keep-c-pointers-in-c,"7057022,7057057,7057184,7057052,7057156"
2011-04-18 09:00:23Z,"2011-04-18 09:00:23Z,2011-04-18 08:42:42Z,2011-04-18 08:25:00Z,2011-04-18 09:25:23Z,2011-04-18 13:02:14Z",,https://stackoverflow.com/questions/5700186/meta-programming-into-several-output-languages,"5700186,5700612,5700429,5700258,5700870,5703297"
2013-06-03 21:20:36Z,"2013-06-03 21:20:36Z,2013-05-29 20:27:02Z,2013-05-22 13:35:23Z,2013-05-22 15:56:20Z,2013-06-04 03:11:17Z",,https://stackoverflow.com/questions/16693178/c-vector-to-python-3-3,"16693178,16906032,16823193,16693238,16696388,16909241"
2013-01-17 03:49:39Z,2013-01-17 03:49:39Z,,https://stackoverflow.com/questions/14371758/can-a-python-function-taking-args-kwargs-be-called-from-c-or-another-language,"14371758,14371932"
2012-02-07 19:30:30Z,"2012-01-19 21:47:10Z,2012-02-07 19:30:30Z,2012-01-19 21:11:52Z,2020-08-02 04:22:24Z",,https://stackoverflow.com/questions/8933263/how-do-i-wrap-a-c-class-with-cython,"8933263,8933819,9182592,8933343,63212359"
2016-02-21 18:26:23Z,2016-02-21 18:26:23Z,,https://stackoverflow.com/questions/33779063/nuget-package-with-a-dependency-on-visual-c-2013-runtime,"33779063,35540097"
2010-01-18 17:33:53Z,"2010-01-18 17:33:53Z,2010-01-18 17:23:17Z,2010-01-18 18:42:48Z,2011-05-30 14:22:42Z",,https://stackoverflow.com/questions/2087840/add-a-reference-from-a-c-sharp-app-to-a-dll-compiled-without-clr,"2087840,2087942,2087871,2088375,6177469"
2010-09-02 15:28:15Z,"2010-09-02 15:28:15Z,2010-09-02 15:33:24Z,2010-09-02 15:28:53Z,2010-09-02 15:28:25Z,2010-09-02 15:33:12Z,2010-09-02 15:34:30Z,2010-09-03 02:45:50Z,2019-06-25 18:14:22Z",,https://stackoverflow.com/questions/3628601/how-fast-is-client-side-javascript-versus-server-side-java,"3628601,3628633,3628683,3628640,3628637,3628682,3628692,3632749,56759859"
2015-09-13 22:08:42Z,"2015-09-13 22:08:42Z,2015-09-11 00:49:40Z,2015-09-14 20:52:02Z,2015-09-10 22:16:50Z",,https://stackoverflow.com/questions/32512444/use-jquery-to-post-data-to-mvc-action-method,"32512444,32555021,32513809,32573713,32512507"
2011-05-24 14:20:39Z,"2011-05-24 14:20:39Z,2011-05-24 14:19:56Z",,https://stackoverflow.com/questions/6111843/limitations-of-pytuple-setitem,"6111843,6111898,6111886"
2013-11-18 19:45:58Z,"2013-11-18 19:45:58Z,2016-05-31 10:52:18Z",,https://stackoverflow.com/questions/20054822/exposing-c-interface-in-boost-python,"20054822,20056409,37543673"
2014-10-23 22:13:36Z,"2014-10-23 22:13:36Z,2011-03-03 22:43:43Z,2020-09-03 10:00:27Z,2011-03-03 22:14:15Z,2011-03-03 22:13:11Z",,https://stackoverflow.com/questions/5187242/encode-a-string-to-be-used-as-shell-argument,"5187242,26538384,5187556,63721259,5187290,5187280"
2010-05-20 14:28:55Z,"2010-05-20 14:28:55Z,2010-05-20 14:27:59Z,2010-05-20 14:36:09Z,2010-05-20 14:29:36Z",,https://stackoverflow.com/questions/2874603/is-it-possible-to-embed-c-code-in-a-c-sharp-project,"2874603,2874654,2874649,2874740,2874661"
2013-12-18 17:24:48Z,"2013-12-18 17:24:48Z,2010-05-19 12:44:09Z,2018-05-04 15:34:48Z,2010-05-19 12:20:43Z,2010-05-19 12:41:43Z,2010-05-19 13:10:45Z,2016-08-26 05:21:30Z,2016-10-07 17:58:10Z",,https://stackoverflow.com/questions/2865289/php-redirection-with-post-parameters,"2865289,20664538,2865557,50178494,2865369,2865544,2865739,39158782,39923299"
2015-11-24 10:01:42Z,2015-11-24 10:01:42Z,,https://stackoverflow.com/questions/33813735/nginx-with-expires-on-javascript-files-dynamically-generated-by-php,"33813735,33890572"
2009-12-23 17:27:12Z,"2009-12-23 17:27:12Z,2009-12-23 16:32:28Z,2009-12-23 16:19:31Z,2010-08-21 22:55:46Z",,https://stackoverflow.com/questions/1953731/python-pytables-java-tying-all-together,"1953731,1954175,1953842,1953764,3539368"
2011-06-20 05:52:03Z,2011-06-20 05:52:03Z,,https://stackoverflow.com/questions/6407034/can-java-interact-with-system-v-linux-message-queues,"6407034,6407293"
2012-02-26 16:11:00Z,"2012-02-26 16:11:00Z,2012-03-21 16:38:51Z,2017-01-27 01:37:02Z,2020-08-25 18:22:25Z,2020-09-16 07:56:46Z",,https://stackoverflow.com/questions/9444342/adding-a-javascript-script-tag-some-place-so-that-it-works-for-every-file-in-sph,"9444342,9454654,9808973,41885884,63584965,63915569"
2013-09-08 01:33:00Z,2013-09-08 01:33:00Z,,https://stackoverflow.com/questions/18679264/how-to-use-malloc-and-free-with-python-ctypes,"18679264,18679558"
2009-04-07 15:48:37Z,"2009-04-07 15:48:37Z,2011-12-20 09:39:47Z,2009-04-07 15:53:18Z,2009-04-07 15:54:04Z,2009-04-07 15:55:04Z,2009-04-07 15:55:29Z",,https://stackoverflow.com/questions/726410/serialize-in-c-then-deserialize-in-c,"726410,726420,8573419,726438,726441,726447,726451"
2009-07-20 13:35:54Z,"2009-07-20 13:35:54Z,2009-07-20 13:31:37Z,2009-07-20 13:31:48Z,2009-07-20 13:31:53Z,2009-07-20 14:52:10Z,2017-10-05 19:57:23Z,2009-07-20 13:33:47Z,2009-07-20 14:19:57Z,2012-03-01 09:31:20Z,2013-08-15 21:37:47Z,2009-07-20 13:30:06Z,2021-09-06 22:40:29Z",,https://stackoverflow.com/questions/1153577/integrate-python-and-c,"1153577,1153635,1153604,1153605,1153606,1154056,46593807,1153623,1153884,9513677,18262313,1153591,69080851"
2015-03-26 20:41:45Z,2015-03-26 20:41:45Z,,https://stackoverflow.com/questions/29287311/how-to-append-datetime-value-to-formdata-and-receive-it-in-controller,"29287311,29288451"
2010-07-02 15:20:43Z,"2010-07-02 15:20:43Z,2010-06-25 20:58:06Z,2010-06-25 20:55:49Z,2010-07-03 16:17:00Z,2010-06-30 23:01:04Z,2010-06-25 20:57:14Z,2010-07-01 04:11:47Z,2010-07-03 16:38:55Z,2010-06-25 21:01:51Z,2010-06-30 23:07:48Z",,https://stackoverflow.com/questions/3121367/php-script-malicious-javascript-code-at-the-end,"3121367,3167018,3121401,3121386,3172051,3154032,3121396,3155041,3172112,3121424,3154058"
2010-08-05 06:26:52Z,"2010-08-05 06:26:52Z,2009-09-30 08:36:39Z,2009-09-30 17:24:55Z,2009-10-01 22:50:28Z,2009-10-03 08:27:59Z,2009-10-02 21:26:37Z,2014-05-05 21:14:31Z,2009-09-30 08:16:06Z,2009-10-01 20:32:23Z,2009-10-03 17:57:38Z",,https://stackoverflow.com/questions/1496731/how-do-i-remove-unnecessary-resources-from-my-project,"1496731,3412249,1496798,1499541,1506919,1513188,1511875,23482023,1496742,1506300,1514436"
2009-04-08 11:27:28Z,"2009-04-08 11:27:28Z,2009-04-08 12:08:22Z,2009-04-08 11:46:39Z,2009-04-08 11:28:36Z",,https://stackoverflow.com/questions/729562/how-to-compile-c-sharp-application-with-c-static-library,"729562,729579,729675,729627,729581"
2015-11-12 19:17:49Z,"2015-11-12 19:17:49Z,2015-11-12 17:29:55Z",,https://stackoverflow.com/questions/33677231/how-to-expose-a-function-returning-a-c-object-to-python-without-copying-the-ob,"33677231,33679481,33677627"
2012-07-11 19:24:51Z,"2012-07-11 19:24:51Z,2015-07-08 13:04:24Z,2015-12-18 11:23:47Z,2018-09-05 14:19:40Z,2016-06-03 18:31:57Z,2020-03-10 11:58:16Z,2018-07-31 20:17:22Z,2012-07-12 14:12:47Z",,https://stackoverflow.com/questions/11430773/how-to-use-javascript-with-selenium-webdriver-java,"11430773,11439939,31293581,34354543,52187406,37621242,60617170,51621416,11453763"
2010-02-08 06:49:46Z,"2010-02-08 06:49:46Z,2010-02-12 13:13:18Z,2010-02-08 06:44:49Z,2013-01-22 16:57:17Z",,https://stackoverflow.com/questions/2219982/getting-php-to-run-a-python-script,"2219982,2220014,2251957,2219992,14463905"
2020-03-29 22:38:21Z,"2020-03-27 18:59:55Z,2020-03-29 22:38:21Z",,https://stackoverflow.com/questions/60892286/javascript-to-c-sharp-numeric-precision-loss,"60892286,60892522,60921624"
2010-05-02 10:35:17Z,"2010-05-02 10:35:17Z,2010-05-02 10:31:39Z",,https://stackoverflow.com/questions/2753056/jquery-get-only-passing-first-two-data-parameters-in-url,"2753056,2753155,2753145"
2013-03-16 12:49:25Z,"2013-03-16 12:49:25Z,2013-03-16 12:50:30Z,2013-03-16 12:49:47Z",,https://stackoverflow.com/questions/15449428/does-the-shell-in-shell-true-in-subprocess-means-bash,"15449428,15449462,15449476,15449468"
2010-12-27 20:51:19Z,"2010-12-27 20:51:19Z,2010-12-27 20:28:18Z,2015-01-15 02:28:34Z",,https://stackoverflow.com/questions/4541565/how-can-i-assert-from-python-c-code,"4541565,4541740,4541594,27955887"
2009-12-21 20:37:14Z,"2011-04-16 13:41:45Z,2009-12-21 20:37:14Z,2009-12-21 20:32:22Z,2013-02-18 17:33:30Z,2009-12-21 20:09:31Z,2009-12-21 20:36:42Z,2009-12-27 15:13:27Z,2009-12-21 20:37:56Z,2013-06-12 14:15:18Z,2014-02-23 11:31:10Z,2020-01-04 03:47:56Z,2011-09-01 05:19:39Z",,https://stackoverflow.com/questions/1942298/wrapping-a-c-library-in-python-c-cython-or-ctypes,"1942298,5686873,1942472,1942437,14942060,1942321,1942468,1966170,1942482,17067839,21967623,59587721,7266364"
2012-04-09 13:11:10Z,"2012-04-09 13:11:10Z,2012-04-09 13:01:29Z,2017-09-26 00:10:22Z,2019-10-05 03:11:56Z,2012-04-09 16:53:27Z,2013-03-13 10:09:53Z,2017-12-29 04:15:11Z,2018-05-11 13:24:25Z",,https://stackoverflow.com/questions/10073564/how-can-i-convert-python-dictionary-to-javascript-hash-table,"10073564,10073713,10073592,46415943,58245041,10076679,15382268,48017320,50293347"
2010-09-03 15:28:42Z,"2010-09-03 15:28:42Z,2010-09-03 02:07:59Z",,https://stackoverflow.com/questions/3632283/does-accesscontroller-doprivileged-give-javascript-threads-the-permissions-of-th,"3632283,3637234,3632633"
2008-09-08 05:37:56Z,"2008-09-08 05:37:56Z,2008-09-08 04:58:26Z",,https://stackoverflow.com/questions/49156/importing-javascript-in-jsp-tags,"49156,49205,49185"
2009-07-13 14:17:25Z,"2009-07-13 14:17:25Z,2009-07-13 14:44:27Z,2017-03-18 15:53:54Z,2009-07-13 14:45:12Z,2019-10-30 11:30:40Z,2009-07-13 14:24:21Z,2009-07-13 14:16:46Z,2009-07-13 14:21:39Z,2020-05-13 07:46:58Z,2009-07-13 14:17:55Z",,https://stackoverflow.com/questions/1119696/java-python-integration,"1119696,1119711,1119884,42876492,1119887,58624426,1119752,1119708,1119735,61769025,1119714"
2011-11-12 03:09:51Z,"2011-11-12 03:09:51Z,2011-11-12 13:47:54Z",,https://stackoverflow.com/questions/8102244/swig-c-to-python-warning362-operator-ignored,"8102244,8102271,8104821"
2012-05-11 20:03:47Z,"2012-05-11 20:03:47Z,2013-07-29 12:47:05Z",,https://stackoverflow.com/questions/10549872/why-cant-python-execute-java-exe-via-subprocess,"10549872,10557891,17924487"
2010-08-23 02:47:02Z,"2010-08-23 02:47:02Z,2016-02-16 04:12:26Z",,https://stackoverflow.com/questions/3544240/conditional-ctypedef-with-cython,"3544240,3544420,35423588"
2010-02-01 20:20:39Z,"2010-02-01 20:20:39Z,2010-02-01 19:57:43Z,2010-02-01 22:23:01Z,2016-08-18 13:55:07Z,2010-02-01 20:44:44Z,2010-02-04 21:27:43Z",,https://stackoverflow.com/questions/2179601/good-php-framework-for-fully-ajax-based-web-applications,"2179601,2179775,2179630,2180514,39020095,2179934,2203349"
2010-06-19 07:23:31Z,"2010-06-19 07:23:31Z,2010-06-19 07:03:21Z",,https://stackoverflow.com/questions/3074614/how-do-you-fight-against-all-these-ways-javascript-and-its-million-different-w,"3074614,3074730,3074678"
2010-04-22 17:18:34Z,"2010-04-22 17:18:34Z,2010-04-22 17:05:58Z",,https://stackoverflow.com/questions/2692873/quote-posix-shell-special-characters-in-python-output,"2692873,2692980,2692899"
2013-08-05 05:14:56Z,"2013-08-05 05:14:56Z,2013-08-05 05:38:00Z,2013-08-05 05:16:17Z",,https://stackoverflow.com/questions/18050937/how-can-i-execute-shell-command-with-a-pipe-in-it,"18050937,18050955,18051211,18050974"
2011-04-02 15:10:29Z,"2011-04-02 15:10:29Z,2011-04-02 12:00:16Z,2011-04-02 09:41:08Z,2011-04-02 09:53:50Z,2013-09-05 06:34:20Z",,https://stackoverflow.com/questions/5522063/serving-php-as-css-js-is-it-fast-enough-what-drawbacks-are-there,"5522063,5523961,5523019,5522415,5522470,18629308"
2011-10-27 18:17:49Z,"2011-10-27 18:17:49Z,2012-07-11 18:04:19Z",,https://stackoverflow.com/questions/7919856/how-to-use-websockets-with-play-framework,"7919856,7920429,11438698"
2009-01-07 05:48:28Z,"2009-01-07 05:48:28Z,2009-01-07 05:06:09Z,2009-01-07 06:01:46Z,2009-01-07 05:05:31Z,2012-11-26 08:14:06Z",,https://stackoverflow.com/questions/419240/how-to-get-javascript-function-data-into-a-php-variable,"419240,419326,419250,419346,419248,13560938"
2010-06-28 21:04:34Z,"2010-06-28 21:04:34Z,2010-07-12 00:38:23Z,2011-12-29 10:37:20Z,2010-07-07 07:07:10Z,2010-07-08 14:24:22Z",,https://stackoverflow.com/questions/3128709/adding-facebook-connect-to-a-codeigniter-website,"3128709,3136119,3225247,8666778,3192604,3204590"
2010-09-29 06:20:55Z,"2010-09-29 06:20:55Z,2018-11-23 12:44:03Z",,https://stackoverflow.com/questions/3819071/asp-net-scriptservice-deserialization-problem-with-derived-types,"3819071,3819207,53446946"
2010-12-04 16:05:04Z,"2010-12-04 16:05:04Z,2015-07-27 08:25:33Z,2018-04-13 00:56:11Z",,https://stackoverflow.com/questions/4354411/debugging-native-code-when-called-from-managed,"4354411,4354419,31648222,49807798"
2010-03-01 15:23:05Z,"2010-03-01 15:23:05Z,2010-03-03 22:18:57Z,2010-03-01 14:00:50Z,2010-03-01 14:25:22Z",,https://stackoverflow.com/questions/2356098/what-is-the-best-tool-for-performance-regression-testing,"2356098,2356801,2375436,2356266,2356418"
2009-01-13 11:28:40Z,"2010-09-25 10:55:08Z,2009-01-13 11:28:40Z,2009-01-14 20:00:08Z,2009-01-13 11:15:46Z,2014-06-16 16:07:00Z,2009-01-13 11:11:40Z",,https://stackoverflow.com/questions/438594/how-to-call-java-objects-and-functions-from-cpython,"438594,3793504,438693,444447,438658,24247890,438643"
2010-07-15 20:57:54Z,"2010-07-15 21:00:47Z,2012-01-14 04:26:34Z,2010-07-15 20:57:54Z,2017-10-12 09:24:50Z",,https://stackoverflow.com/questions/3259967/sending-displaying-a-base64-encoded-image,"3259967,3260044,8860145,3260011,46705967"
2011-10-06 10:06:02Z,"2011-10-06 10:06:02Z,2011-10-06 12:22:58Z",,https://stackoverflow.com/questions/7672792/calling-c-exe-functions-from-c-sharp,"7672792,7672820,7674189"
2008-10-17 03:07:53Z,"2008-10-17 03:07:53Z,2008-10-17 12:11:04Z",,https://stackoverflow.com/questions/210978/using-os-execvp-in-python,"210978,210982,211898"
2009-07-29 11:09:46Z,"2009-07-29 11:09:46Z,2009-12-15 06:46:24Z,2009-07-29 16:29:12Z,2013-10-29 10:17:26Z,2011-02-24 20:01:11Z,2018-08-04 23:13:32Z",,https://stackoverflow.com/questions/1199470/combine-javascript-files-at-deployment-in-python,"1199470,1199481,1905612,1201475,19655315,5109788,51690225"
2014-05-13 04:55:46Z,"2014-05-13 04:55:46Z,2014-05-13 04:56:20Z,2014-05-13 04:56:04Z,2014-05-13 04:50:51Z,2014-05-13 04:55:36Z",,https://stackoverflow.com/questions/23622923/is-it-acceptable-practice-to-unit-test-a-program-in-a-different-language,"23622923,23623088,23623093,23623089,23623031,23623087"
2014-09-17 05:41:23Z,2014-09-17 05:41:23Z,,https://stackoverflow.com/questions/25882150/python-h-not-found-using-swig-and-anaconda-python,"25882150,25883058"
2017-04-25 23:13:37Z,2017-04-25 23:13:37Z,,https://stackoverflow.com/questions/43621948/c-python-module-import-error-undefined-symbol-py-initmodule3-py-initmodu,"43621948,43622454"
2015-04-16 08:05:46Z,2015-04-16 08:05:46Z,,https://stackoverflow.com/questions/29006439/boost-python-multiple-modules-in-one-shared-object,"29006439,29668828"
2019-05-07 08:43:45Z,2019-05-07 08:43:45Z,,https://stackoverflow.com/questions/49866263/how-are-symbols-contained-in-the-libpythonx-x-linked-to-numpy-extension-dynamic,"49866263,56018713"
2010-11-23 19:07:07Z,"2010-11-23 19:07:07Z,2010-11-23 18:31:46Z",,https://stackoverflow.com/questions/4259170/python-setup-script-extensions-how-do-you-include-a-h-file,"4259170,4259780,4259465"
2021-03-07 13:57:57Z,2021-03-07 13:57:57Z,,https://stackoverflow.com/questions/66498069/what-is-the-most-conventional-way-to-integrate-c-code-into-a-python-library-usin,"66498069,66517294"
2017-03-13 18:57:04Z,2017-03-13 18:57:04Z,,https://stackoverflow.com/questions/42763186/how-to-release-the-gil-in-cython-for-a-multithreaded-c-class,"42763186,42771367"
2010-05-31 07:23:29Z,"2011-02-08 17:53:25Z,2011-07-20 20:37:52Z,2010-05-31 07:23:29Z,2014-05-07 05:51:29Z,2010-11-11 09:37:36Z",,https://stackoverflow.com/questions/2941960/a-call-to-pinvoke-function-has-unbalanced-the-stack,"2941960,4936501,6768223,2941979,23509733,4153007"
2015-05-26 13:45:42Z,2015-05-26 13:45:42Z,,https://stackoverflow.com/questions/30455178/numpy-ctypes-dynamic-module-does-not-define-init-function-error-if-not-recompi,"30455178,30460404"
2016-09-22 22:24:44Z,2016-09-22 22:24:44Z,,https://stackoverflow.com/questions/39649807/how-to-setup-qwebchannel-js-api-for-use-in-a-qwebengineview,"39649807,39649808"
2016-04-10 14:27:24Z,2016-04-10 14:27:24Z,,https://stackoverflow.com/questions/36530637/embedding-python-in-c-error-in-linking-undefined-reference-to-pystring-asstri,"36530637,36530995"
2015-08-15 02:43:20Z,"2012-07-18 22:47:55Z,2011-08-25 22:15:20Z,2015-08-15 02:43:20Z,2018-08-22 04:17:21Z",,https://stackoverflow.com/questions/7195959/hello-world-with-boost-python-and-python-3-2,"7195959,11551477,7197874,32020990,51959802"
2013-09-30 17:22:28Z,"2013-09-30 17:22:28Z,2015-03-12 16:59:35Z,2014-05-29 09:04:45Z,2016-11-11 04:00:43Z",,https://stackoverflow.com/questions/19100085/javascript-runtime-error-unable-to-get-property-msie-of-undefined-or-null-ref,"19100085,19100125,29015869,23929587,40540906"
2011-06-13 21:02:52Z,"2011-06-13 21:02:52Z,2011-06-13 20:50:37Z",,https://stackoverflow.com/questions/6336094/jquery-autocomplete-in-background-of-input-text-box,"6336094,6336324,6336185"
2018-06-04 09:11:16Z,2018-06-04 09:11:16Z,,https://stackoverflow.com/questions/50674904/firing-events-in-c-and-handling-them-in-c-sharp,"50674904,50677065"
2012-07-26 06:07:16Z,2012-07-26 06:07:16Z,,https://stackoverflow.com/questions/11643666/python-importerror-undefined-symbol-for-custom-c-module,"11643666,11663373"
2011-02-19 14:53:03Z,"2011-03-28 12:44:11Z,2011-02-19 14:53:03Z,2011-11-08 03:55:46Z,2011-02-19 13:38:57Z,2013-10-14 06:46:31Z,2015-05-02 07:46:44Z,2013-10-14 06:34:27Z,2014-08-09 17:02:43Z,2015-04-15 04:23:10Z",,https://stackoverflow.com/questions/5051059/codeigniter-and-javascript-jquery-library,"5051059,5459163,5051457,8045751,5051068,19354794,29999766,19354640,25220990,29641557"
2015-09-07 14:09:08Z,2015-09-07 14:09:08Z,,https://stackoverflow.com/questions/32440486/what-does-a-blue-dot-beneath-the-visual-studio-breakpoint-mean,"32440486,32440650"
2016-03-04 15:15:23Z,2016-03-04 15:15:23Z,,https://stackoverflow.com/questions/35716417/show-previously-uploaded-images-in-fine-uploader,"35716417,35799505"
2015-01-03 04:55:31Z,2015-01-03 04:55:31Z,,https://stackoverflow.com/questions/24621889/minimal-example-of-wrapping-c-code-with-cython-passing-int-and-struct,"24621889,27751865"
2011-08-25 12:03:03Z,"2011-08-25 12:03:03Z,2011-08-24 01:02:37Z,2011-08-15 16:17:12Z,2011-08-17 23:13:50Z,2011-08-18 23:27:07Z,2011-08-19 16:54:49Z,2011-08-21 08:07:30Z,2011-08-22 05:51:12Z,2011-08-24 11:46:40Z,2011-08-24 12:58:44Z,2011-08-24 20:00:42Z",,https://stackoverflow.com/questions/7067512/jquery-cannot-change-a-value-where-js-can-because-the-library-is-out-of-date,"7067512,7189999,7169324,7067569,7100651,7115354,7124880,7137147,7143614,7174881,7175808,7181521"
2013-10-17 14:02:37Z,"2013-10-17 14:02:37Z,2013-10-17 14:00:19Z,2013-10-17 14:00:02Z",,https://stackoverflow.com/questions/19428747/java-equivalent-of-c-copy-assignment-operator,"19428747,19428895,19428838,19428835"
2018-04-12 11:43:29Z,2018-04-12 11:43:29Z,,https://stackoverflow.com/questions/49793560/build-c-plugin-for-unity,"49793560,49795660"
2015-06-06 18:37:47Z,2015-06-06 18:37:47Z,,https://stackoverflow.com/questions/30686266/how-to-include-csrf-token-in-an-external-js-file-in-laravel,"30686266,30686315"
2011-03-04 23:06:31Z,2011-03-04 23:06:31Z,,https://stackoverflow.com/questions/5182857/can-i-use-fabric-to-perform-interactive-shell-commands,"5182857,5200258"
2012-06-06 15:15:53Z,"2012-06-06 15:15:53Z,2012-06-07 23:51:22Z,2012-06-06 15:17:31Z",,https://stackoverflow.com/questions/10916952/in-visual-studio-c-is-there-a-way-to-apply-web-config-transforms-to-javascript,"10916952,10917152,10941409,10917176"
2015-06-02 19:39:17Z,2015-06-02 19:39:17Z,,https://stackoverflow.com/questions/30603810/authenticate-firebase-firechat-with-wordpress-user-or-database,"30603810,30605122"
2009-05-26 15:13:00Z,"2009-05-26 15:13:00Z,2012-07-24 17:47:50Z,2013-05-12 07:53:01Z",,https://stackoverflow.com/questions/911034/how-to-debug-jni-c-library,"911034,911210,11636441,16505284"
2012-03-31 03:32:05Z,"2012-03-31 03:32:05Z,2014-03-18 14:48:14Z,2016-05-03 11:27:00Z",,https://stackoverflow.com/questions/9940381/how-to-generate-jni-header-file-in-eclipse,"9940381,9952802,22482836,37002855"
2017-12-08 19:41:24Z,"2018-04-22 13:47:42Z,2017-12-08 19:41:24Z",,https://stackoverflow.com/questions/47635408/cythonizing-fails-because-of-unknown-type-name-uint64-t,"47635408,49966627,47721134"
2010-05-22 00:31:09Z,"2010-05-21 21:55:27Z,2010-05-22 00:31:09Z,2010-05-28 04:00:36Z",,https://stackoverflow.com/questions/2885822/which-logging-library-to-use-for-cross-language-java-c-python-system,"2885822,2885857,2886422,2926570"
2010-12-12 15:07:04Z,"2010-12-12 15:07:04Z,2010-12-12 13:24:31Z,2010-12-12 16:03:59Z",,https://stackoverflow.com/questions/4421832/compiling-python-to-c-using-cython,"4421832,4422286,4421869,4422511"
2017-01-04 14:40:40Z,2017-01-04 14:40:40Z,,https://stackoverflow.com/questions/40674654/can-not-add-data-attributes-in-script-tag-in-prestashop-1-6,"40674654,41466493"
2011-09-29 14:37:35Z,"2012-07-08 00:39:26Z,2011-09-29 14:37:35Z,2011-09-29 14:12:14Z,2014-02-24 13:20:30Z",,https://stackoverflow.com/questions/7598431/adding-jquery-to-magento,"7598431,11379821,7598973,7598625,21989032"
2014-10-04 16:29:09Z,"2014-10-04 16:29:09Z,2016-01-04 16:24:49Z",,https://stackoverflow.com/questions/26194684/how-to-disable-python-shell-spawning-less-with-help,"26194684,26194772,34595443"
2015-06-22 15:14:05Z,2015-06-22 15:14:05Z,,https://stackoverflow.com/questions/30983220/ctypes-error-attributeerror-symbol-not-found-os-x-10-7-5,"30983220,30983638"
2012-05-13 23:11:18Z,"2012-05-13 23:11:18Z,2014-06-17 15:42:07Z",,https://stackoverflow.com/questions/10561212/parsing-namespaces-with-clang-ast-differences-in-when-including-a-header-in-ano,"10561212,10575936,24268027"
2008-10-06 12:35:42Z,"2008-10-06 12:35:42Z,2008-09-29 19:29:58Z",,https://stackoverflow.com/questions/148071/problem-using-large-binary-segment-in-ooxml,"148071,174086,150274"
2015-02-03 11:02:40Z,"2015-02-03 11:02:40Z,2015-02-03 11:12:13Z",,https://stackoverflow.com/questions/28296252/ajax-not-post-base64-data-of-large-image,"28296252,28297289,28297496"
2011-12-15 21:50:09Z,"2011-12-15 21:50:09Z,2012-09-21 13:48:20Z,2012-07-19 05:41:35Z,2013-01-09 22:57:10Z,2012-11-22 22:43:48Z,2012-08-23 15:48:14Z,2011-12-16 17:21:33Z,2013-03-31 16:41:31Z,2014-03-01 17:43:16Z,2012-09-29 10:54:14Z",,https://stackoverflow.com/questions/8525193/how-to-install-jpype-on-os-x-lion-to-use-with-neo4j,"8525193,8527108,12531856,11554580,14247995,13520947,12095509,8537825,15731794,22117924,12652104"
2013-11-10 20:17:49Z,"2013-11-10 20:17:49Z,2013-11-08 23:59:09Z",,https://stackoverflow.com/questions/19865757/importerror-usr-lib-libboost-python-so-1-54-0-undefined-symbol-pyclass-type,"19865757,19894643,19870624"
2017-05-12 22:50:42Z,2017-05-12 22:50:42Z,,https://stackoverflow.com/questions/43942476/load-custom-ner-model-stanford-corenlp,"43942476,43947471"
2011-11-28 12:18:22Z,2011-11-28 12:18:22Z,,https://stackoverflow.com/questions/8295645/cython-vector-operations,"8295645,8295693"
2018-12-14 22:36:04Z,2018-12-14 22:36:04Z,,https://stackoverflow.com/questions/53762552/with-pybind11-how-to-split-my-code-into-multiple-modules-files,"53762552,53787762"
2016-02-12 12:49:13Z,2016-02-12 12:49:13Z,,https://stackoverflow.com/questions/35321671/compiling-c-code-that-uses-both-r-and-numpy-on-linux,"35321671,35363092"
2010-10-30 12:07:55Z,2010-10-30 12:07:55Z,,https://stackoverflow.com/questions/4058423/how-can-i-serve-a-dynamic-javascript-file-from-wicket,"4058423,4058614"
2010-08-03 20:10:07Z,"2010-08-03 20:10:07Z,2010-08-03 20:10:38Z,2010-08-03 20:11:04Z,2010-08-03 21:04:42Z,2015-10-05 15:58:13Z,2014-09-28 04:25:41Z",,https://stackoverflow.com/questions/3400381/calling-a-python-script-from-command-line-without-typing-python-first,"3400381,3400399,3400402,3400404,3400742,32952823,26081604"
2008-09-24 12:24:41Z,"2008-09-24 12:24:41Z,2008-09-24 15:37:33Z,2016-09-21 10:47:51Z,2008-09-24 12:25:03Z,2008-09-24 12:34:54Z,2018-06-29 08:49:51Z",,https://stackoverflow.com/questions/126781/c-union-in-c-sharp,"126781,126807,127931,39614418,126810,126867,51097798"
2013-03-10 12:11:24Z,"2013-03-10 12:11:24Z,2014-03-03 21:20:51Z,2018-12-27 23:54:26Z,2018-04-18 16:14:10Z,2017-01-07 11:58:13Z,2019-12-09 05:22:39Z",,https://stackoverflow.com/questions/15321431/how-to-pass-a-list-from-python-by-jinja2-to-javascript,"15321431,15322060,22157700,53952147,49904420,41521192,59242956"
2013-01-16 10:23:35Z,"2013-01-16 10:23:35Z,2013-01-15 19:37:13Z",,https://stackoverflow.com/questions/14341549/passing-a-set-of-numpy-arrays-into-c-function-for-input-and-output,"14341549,14356142,14345504"
2011-04-18 15:00:04Z,"2011-04-18 15:00:04Z,2011-04-14 14:36:34Z,2011-04-14 14:45:23Z,2011-04-14 14:30:05Z",,https://stackoverflow.com/questions/5664737/calling-c-dll-from-c-sharp,"5664737,5704843,5664875,5665006,5664792"
2013-08-27 16:28:23Z,"2013-08-27 16:28:23Z,2016-02-26 12:05:18Z,2018-01-24 15:10:35Z,2014-12-09 00:57:21Z,2013-08-27 16:38:29Z,2017-07-28 15:19:25Z,2018-04-30 16:11:24Z,2019-04-30 18:40:25Z,2013-08-27 17:45:16Z",,https://stackoverflow.com/questions/18470702/how-do-i-convert-a-c-sharp-liststring-to-a-javascript-array,"18470702,18470931,35651254,48425728,27369766,18471108,45377104,50104335,55926960,18472203"
2019-03-02 04:12:41Z,2019-03-02 04:12:41Z,,https://stackoverflow.com/questions/54899367/send-numpy-array-as-bytes-from-python-to-js-through-flask,"54899367,54955161"
2011-01-06 23:48:51Z,"2011-01-06 23:48:51Z,2011-01-06 21:33:09Z,2011-01-06 21:32:53Z,2011-01-07 14:23:42Z,2016-10-05 08:20:00Z",,https://stackoverflow.com/questions/4619996/how-to-run-ruby-python-scripts-from-inside-php-passing-and-receiving-parameters,"4619996,4621239,4620108,4620106,4626412,39868802"
2009-08-04 15:50:18Z,"2009-08-04 14:12:07Z,2009-08-04 15:50:18Z,2012-07-06 12:35:31Z,2012-02-15 20:27:06Z,2012-05-09 21:16:44Z,2017-10-23 16:58:10Z,2013-07-10 20:28:12Z,2012-04-28 15:22:52Z,2009-08-03 21:56:39Z,2009-08-04 14:09:05Z",,https://stackoverflow.com/questions/1224793/javascript-serialization-of-datetime-in-asp-net-is-not-giving-a-javascript-date,"1224793,1227767,1228312,11362312,9300796,10524213,46894689,17580279,10364871,1224834,1227749"
2015-01-21 13:32:53Z,2015-01-21 13:32:53Z,,https://stackoverflow.com/questions/28068305/converting-a-symfony2-php-entity-object-for-use-within-javascript,"28068305,28068554"
2011-06-19 16:56:43Z,2011-06-19 16:56:43Z,,https://stackoverflow.com/questions/6270245/return-c-object-to-java,"6270245,6403781"
2015-05-11 10:47:45Z,"2020-01-07 19:59:24Z,2015-05-11 10:47:45Z,2020-06-11 18:39:05Z,2020-12-05 17:32:59Z",,https://stackoverflow.com/questions/30165475/how-to-compress-minimize-size-of-json-jsonify-with-flask-in-python,"30165475,59635292,30165707,62331275,65159919"
2015-10-23 06:31:07Z,"2015-10-23 06:31:07Z,2015-10-22 22:16:31Z",,https://stackoverflow.com/questions/33291631/is-there-a-simple-way-to-get-rid-of-junk-values-that-come-when-you-ssh-using-pyt,"33291631,33296127,33291694"
2016-12-25 19:03:23Z,"2016-12-25 19:03:23Z,2016-12-25 19:03:03Z",,https://stackoverflow.com/questions/41323746/use-python-regex-to-parse-string-of-floats-output-by-java-arrays-deeptostring,"41323746,41323773,41323771"
2014-02-19 19:58:23Z,"2014-02-19 20:05:08Z,2014-02-19 19:58:23Z",,https://stackoverflow.com/questions/21890805/encrypt-aes-with-c-sharp-to-match-java-encryption,"21890805,21891215,21891059"
2012-09-24 05:44:46Z,"2012-09-24 05:44:46Z,2014-06-20 17:36:18Z,2013-10-14 13:18:46Z",,https://stackoverflow.com/questions/12558996/jquery-knob-display-number-change,"12558996,12559447,24332745,19361183"
2015-02-07 14:54:05Z,"2015-02-07 14:54:05Z,2015-02-07 16:32:23Z,2019-12-13 20:35:21Z",,https://stackoverflow.com/questions/28383478/most-efficient-way-to-fix-an-invalid-json,"28383478,28383570,28384557,59329495"
2012-07-19 20:04:26Z,"2012-07-19 20:04:26Z,2012-07-19 21:06:20Z,2012-07-19 19:58:25Z",,https://stackoverflow.com/questions/11568232/javascript-readable-json-from-python,"11568232,11568427,11569300,11568340"
2018-11-16 15:27:50Z,2018-11-16 15:27:50Z,,https://stackoverflow.com/questions/53340627/typeerror-expected-bytes-like-object-not-str,"53340627,53340824"
2017-09-04 10:32:12Z,2017-09-04 10:32:12Z,,https://stackoverflow.com/questions/45992396/jsonobj-data-not-being-passed-via-ajax-and-post-on-ie11-only,"45992396,46035169"
2014-06-11 14:23:09Z,"2014-06-11 14:23:09Z,2014-06-11 14:48:44Z",,https://stackoverflow.com/questions/24164951/2f-instead-of-slash-in-url,"24164951,24165411,24166012"
2009-11-02 18:35:57Z,"2009-11-02 18:35:57Z,2009-11-02 19:27:54Z,2010-10-28 02:53:34Z,2012-02-16 15:24:54Z",,https://stackoverflow.com/questions/1662769/rsa-encryption-java-to-php,"1662769,1662887,1663177,4039402,9313942"
2010-11-03 12:02:54Z,"2010-11-03 12:02:54Z,2010-11-03 12:19:39Z,2010-11-03 15:15:43Z,2010-11-05 13:50:06Z,2010-11-03 12:04:50Z",,https://stackoverflow.com/questions/4086817/l-prefix-for-strings-in-c,"4086817,4086838,4086959,4088574,4106437,4086853"
2011-08-12 20:23:58Z,"2011-08-12 20:23:58Z,2011-08-12 20:28:58Z",,https://stackoverflow.com/questions/7045764/scraping-javascript-variables-to-php,"7045764,7045904,7045968"
2012-01-18 14:01:44Z,"2013-08-13 14:24:37Z,2012-01-18 14:01:44Z,2015-06-08 12:14:41Z,2012-01-18 13:46:40Z,2012-01-18 14:14:41Z,2019-03-27 22:08:38Z",,https://stackoverflow.com/questions/8911075/javascript-and-java-date-json-serialization,"8911075,18211756,8911408,30708901,8911181,8911589,55387222"
2016-07-07 11:05:13Z,"2016-07-07 11:05:13Z,2016-07-07 11:00:41Z,2016-07-07 11:22:33Z",,https://stackoverflow.com/questions/38243721/return-json-object-from-php-script,"38243721,38243884,38243807,38244199"
2012-08-10 19:35:53Z,"2012-08-10 21:38:33Z,2012-08-10 19:35:53Z",,https://stackoverflow.com/questions/11873878/c-sharp-encryption-to-php-decryption,"11873878,11909608,11908139"
2009-09-04 04:55:02Z,"2009-09-04 04:55:02Z,2012-06-22 01:09:50Z,2016-04-20 12:13:00Z",,https://stackoverflow.com/questions/1377278/passing-json-encoded-variable-from-php-to-javascript-via-post,"1377278,1377290,11149004,36743427"
2010-04-01 18:34:03Z,"2010-04-01 18:29:51Z,2010-04-01 18:27:48Z,2010-04-01 18:27:06Z,2010-04-01 18:34:03Z,2010-04-01 18:30:42Z",,https://stackoverflow.com/questions/2562648/json-limitation,"2562648,2562686,2562666,2562660,2562715,2562692"
2016-08-31 11:37:52Z,"2016-08-31 11:37:52Z,2019-10-02 09:03:39Z",,https://stackoverflow.com/questions/39244589/serializing-image-stream-using-protobuf,"39244589,39248610,58198414"
2012-12-26 09:47:09Z,2012-12-26 09:47:09Z,,https://stackoverflow.com/questions/14036004/how-to-convert-jobject-to-jstring,"14036004,14038727"
2013-06-15 15:16:51Z,2013-06-15 15:16:51Z,,https://stackoverflow.com/questions/17124712/jni-android-converting-char-to-byte-array-and-return-it-to-java,"17124712,17125075"
2011-09-27 13:12:31Z,"2011-09-27 13:12:31Z,2011-09-26 18:59:53Z",,https://stackoverflow.com/questions/7559676/how-to-correctly-deserialize-a-json-string-into-the-class-that-contains-a-nested,"7559676,7569717,7559923"
2011-06-30 15:04:01Z,"2011-06-30 15:04:01Z,2011-06-30 15:08:12Z,2012-04-30 07:13:12Z",,https://stackoverflow.com/questions/6536826/dealing-with-commas-in-csv,"6536826,6536856,6536926,10379820"
2017-04-04 02:47:22Z,2017-04-04 02:47:22Z,,https://stackoverflow.com/questions/43196260/cakephp-how-to-call-javascript-function-in-link,"43196260,43197413"
2012-08-14 14:32:42Z,"2012-08-14 14:32:42Z,2012-08-14 12:55:13Z",,https://stackoverflow.com/questions/11952365/accessing-an-array-of-pointers-within-a-structure-from-java-with-swig,"11952365,11954629,11952712"
2013-04-17 14:50:31Z,2013-04-17 14:50:31Z,,https://stackoverflow.com/questions/16062824/convert-object-of-class-stdclass-to-json-object,"16062824,16063282"
2010-07-15 21:37:18Z,"2010-07-15 21:37:18Z,2016-06-04 03:54:18Z",,https://stackoverflow.com/questions/3260259/output-jstl-escaped,"3260259,3260286,37626175"
2014-11-17 22:25:38Z,"2014-11-17 22:25:38Z,2018-08-16 10:29:27Z,2021-03-11 12:41:38Z",,https://stackoverflow.com/questions/26983005/importing-python-flask-json-dictionary-into-javascript-error,"26983005,26983139,51874905,66582808"
2010-08-07 21:01:24Z,"2010-08-07 21:01:24Z,2011-09-09 10:15:37Z",,https://stackoverflow.com/questions/3431950/rijndael-256-encrypt-decrypt-between-c-sharp-and-php,"3431950,3432024,7360154"
2017-09-08 12:39:44Z,"2017-09-08 12:39:44Z,2020-05-27 11:05:56Z",,https://stackoverflow.com/questions/46093210/c-sharp-version-of-the-javascript-function-btoa,"46093210,46116819,62041610"
2014-04-10 04:15:33Z,"2014-04-10 04:15:33Z,2014-04-10 03:27:43Z,2020-10-31 12:54:12Z,2016-01-27 05:32:17Z,2019-11-07 08:28:55Z",,https://stackoverflow.com/questions/22978025/jackson-json-how-to-convert-array-to-jsonnode-and-objectnode,"22978025,22978526,22978117,64621900,35029570,58744680"
2015-04-21 07:50:02Z,2015-04-21 07:50:02Z,,https://stackoverflow.com/questions/29760761/aes-256-on-the-client-side-js-and-in-the-server-php,"29760761,29766052"
2016-08-15 04:05:16Z,"2016-08-15 04:05:16Z,2016-08-14 21:29:42Z,2016-08-13 11:57:17Z",,https://stackoverflow.com/questions/38916788/accessing-laravel-relations-in-javascript-code,"38916788,38949178,38946793,38932475"
2015-02-25 19:03:53Z,"2015-02-25 19:03:53Z,2015-02-20 05:48:51Z,2015-02-19 19:53:52Z",,https://stackoverflow.com/questions/28573479/cython-python-c-inheritance-passing-derived-class-as-argument-to-function-e,"28573479,28727488,28622439,28615663"
2017-08-13 16:56:36Z,2017-08-13 16:56:36Z,,https://stackoverflow.com/questions/45658004/how-to-send-audio-blob-from-javascript-to-java-spring-server,"45658004,45662745"
2011-02-21 00:24:04Z,2011-02-21 00:24:04Z,,https://stackoverflow.com/questions/5058688/cant-post-large-html5-canvas-to-server,"5058688,5061163"
2016-03-02 16:49:46Z,"2016-03-02 16:49:46Z,2016-03-02 17:28:00Z",,https://stackoverflow.com/questions/35752909/bash-script-printf-colors-from-variable,"35752909,35753341,35754134"
2010-09-23 08:41:23Z,2010-09-23 08:41:23Z,,https://stackoverflow.com/questions/3776485/marshal-c-int-array-to-c-sharp,"3776485,3776624"
,"2009-07-01 18:57:34Z,2009-12-10 23:07:40Z,2011-01-26 14:14:53Z,2011-07-31 17:20:07Z,2011-01-10 17:18:55Z,2014-08-08 17:08:37Z,2009-06-08 23:02:40Z",,https://stackoverflow.com/questions/967443/python-module-to-shellquote-unshellquote,"967443,1070756,25147580,1884740,4805499,6891000,4649500,25208652,967459"
2011-04-19 16:20:44Z,"2011-04-19 16:20:44Z,2011-04-19 16:24:46Z,2011-04-19 16:19:47Z,2011-04-19 16:31:51Z",,https://stackoverflow.com/questions/5719471/md5-hash-discrepancy-between-python-and-php,"5719471,5719518,5719557,5719504,5719641"
2012-01-25 10:59:50Z,"2012-01-25 10:59:50Z,2012-01-25 10:59:11Z,2012-01-25 11:01:06Z,2018-07-01 20:41:59Z,2012-01-25 11:02:15Z",,https://stackoverflow.com/questions/9001526/send-array-with-ajax-to-php-script,"9001526,9001573,9001570,9001590,51126874,9001602"
2017-12-08 07:28:12Z,"2017-12-08 07:28:12Z,2015-02-27 17:06:53Z,2015-02-26 22:25:54Z",,https://stackoverflow.com/questions/28749209/do-cython-extension-types-support-class-attributes,"28749209,47709649,28770515,28753968"
2016-03-03 15:26:04Z,"2016-03-03 15:26:04Z,2016-03-01 19:28:43Z,2016-03-03 15:34:06Z",,https://stackoverflow.com/questions/35731305/do-json-libraries-agree-on-whats-the-double-precision-value-of-5000-1,"35731305,35776212,35731729,35776398"
2015-05-11 08:45:03Z,"2015-05-11 08:45:03Z,2015-05-11 17:11:16Z,2015-05-08 09:01:34Z,2015-05-08 07:44:19Z,2015-05-12 03:17:17Z,2015-05-15 20:38:10Z",,https://stackoverflow.com/questions/30112285/create-dynamic-json-from-foreach,"30112285,30163154,30173684,30119858,30118501,30181174,30268344"
2019-10-05 17:01:24Z,"2019-10-05 17:01:24Z,2019-10-05 22:51:31Z",,https://stackoverflow.com/questions/58250341/what-happens-if-undefined-c-behaviour-meets-c-defined-behaviour,"58250341,58250518,58252934"
2020-02-21 21:49:30Z,2020-02-21 21:49:30Z,,https://stackoverflow.com/questions/60333494/this-paymentmethod-was-previously-used-without-being-attached-to-a-customer-or-w,"60333494,60346660"
2019-02-26 17:40:06Z,2019-02-26 17:40:06Z,,https://stackoverflow.com/questions/54876346/pybind11-and-stdvector-how-to-free-data-using-capsules,"54876346,54891238"
2020-03-25 14:12:36Z,"2020-03-25 14:12:36Z,2020-06-13 09:06:40Z",,https://stackoverflow.com/questions/60032983/record-voice-with-recorder-js-and-upload-it-to-python-flask-server-but-wav-file,"60032983,60850613,62357616"
2013-10-11 20:09:05Z,"2013-10-11 20:09:05Z,2013-10-11 19:29:34Z,2020-07-01 18:32:57Z",,https://stackoverflow.com/questions/19325761/python-executing-shell-script-with-argumentsvariable-but-argument-is-not-rea,"19325761,19326439,19325812,62683287"
2012-06-06 13:15:54Z,2012-06-06 13:15:54Z,,https://stackoverflow.com/questions/10903750/access-javascript-array-elements-from-c-sharp-via-webbrowser,"10903750,10914976"
2018-05-29 08:30:41Z,"2018-05-29 08:35:56Z,2018-05-29 08:30:41Z",,https://stackoverflow.com/questions/50579572/export-a-variable-from-bash-and-use-it-in-python,"50579572,50579829,50579723"
2012-05-29 14:50:50Z,"2012-05-29 14:50:50Z,2012-05-29 14:50:51Z",,https://stackoverflow.com/questions/10801258/read-argument-with-spaces-in-python-script-from-a-shell-script,"10801258,10801543,10801544"
2012-02-29 20:56:02Z,2012-02-29 20:56:02Z,,https://stackoverflow.com/questions/9506437/python-subprocess-call-returns-command-not-found-terminal-executes-correctly,"9506437,9506481"
2011-06-15 08:03:56Z,"2011-06-15 08:03:56Z,2011-06-15 07:26:48Z,2011-06-15 07:46:17Z,2011-06-15 07:50:59Z,2011-06-15 08:44:04Z,2013-09-25 01:52:22Z,2013-09-25 02:04:28Z",,https://stackoverflow.com/questions/6354358/c-dll-returned-string-is-corrupted-in-the-c-sharp-caller-why,"6354358,6354764,6354412,6354596,6354643,6355125,18994916,18995031"
2014-02-28 21:10:54Z,"2014-02-28 21:27:06Z,2014-02-28 21:10:54Z",,https://stackoverflow.com/questions/22105529/np-ascontiguousarray-versus-np-asarray-with-cython,"22105529,22106162,22105877"
2012-03-16 22:15:45Z,"2012-03-16 22:20:17Z,2012-03-16 22:15:45Z,2012-03-16 22:32:13Z",,https://stackoverflow.com/questions/9745139/building-relative-urls-for-an-mvc-app-with-javascript,"9745139,9745239,9745190,9745337"
2015-10-30 23:09:04Z,2015-10-30 23:09:04Z,,https://stackoverflow.com/questions/33377764/error-using-callback-in-python,"33377764,33446151"
2016-02-18 18:53:41Z,2016-02-18 18:53:41Z,,https://stackoverflow.com/questions/33789011/bokeh-implementing-custom-javascript-in-an-image-plot,"33789011,35490044"
2015-08-26 08:14:00Z,2015-08-26 08:14:00Z,,https://stackoverflow.com/questions/32221090/org-springframework-web-bind-missingservletrequestparameterexception-required,"32221090,32221290"
2014-06-10 11:08:02Z,2014-06-10 11:08:02Z,,https://stackoverflow.com/questions/24139389/unable-to-find-out-what-return-code-of-11-means,"24139389,24139472"
2018-05-18 11:08:46Z,"2018-05-18 11:08:46Z,2017-10-30 08:30:22Z",,https://stackoverflow.com/questions/34517668/zend-how-to-correctly-destruct-a-custom-object-in-php-7,"34517668,50410016,47010820"
2013-05-13 11:15:04Z,"2013-05-13 08:36:58Z,2013-05-13 11:15:04Z,2013-05-13 08:21:15Z",,https://stackoverflow.com/questions/16517355/how-to-send-by-socket-c-compatible-struct-from-java,"16517355,16517847,16520741,16517593"
2009-10-07 20:21:52Z,"2009-10-07 20:21:52Z,2009-10-07 20:35:08Z,2009-10-07 20:21:29Z,2009-10-07 20:24:22Z,2011-01-26 14:51:24Z,2016-02-24 09:30:21Z",,https://stackoverflow.com/questions/1533916/how-to-set-up-a-c-function-so-that-it-can-be-used-by-p-invoke,"1533916,1533956,1534038,1533953,1533969,4805916,35598191"
2010-12-01 13:34:16Z,"2010-12-01 15:03:08Z,2010-12-01 13:34:16Z,2010-12-01 13:46:52Z,2010-12-01 15:12:12Z,2010-12-01 13:38:16Z",,https://stackoverflow.com/questions/4324819/pass-data-between-java-and-c,"4324819,4325678,4324851,4324964,4325758,4324886"
2012-04-17 13:09:47Z,2012-04-17 13:09:47Z,,https://stackoverflow.com/questions/10109700/embedding-matplotlib-in-c,"10109700,10191927"
2012-06-07 11:41:14Z,"2012-06-07 11:41:14Z,2012-06-07 11:33:31Z",,https://stackoverflow.com/questions/10930789/insert-backbone-js-model-into-mysql-database,"10930789,10931092,10931006"
2013-06-05 05:30:04Z,"2013-06-05 05:28:23Z,2013-06-05 05:30:04Z,2013-06-05 05:35:29Z,2013-06-05 05:31:36Z,2013-06-05 05:49:11Z,2015-07-30 11:34:05Z",,https://stackoverflow.com/questions/16932113/passing-multiple-php-variables-to-shell-exec,"16932113,16932181,16932201,16932263,16932216,16932434,31722672"
2016-02-26 17:37:37Z,2016-02-26 17:37:37Z,,https://stackoverflow.com/questions/35444656/thrift-java-client-cannot-handle-union-properly,"35444656,35658227"
2014-01-14 16:10:15Z,"2014-01-14 16:10:15Z,2015-04-22 05:17:42Z,2013-09-06 00:16:44Z,2021-06-01 07:17:17Z",,https://stackoverflow.com/questions/18647841/retrieve-exit-status-from-php-script-inside-of-shell-script,"18647841,21118232,29788320,18647935,67784316"
2013-06-11 15:37:30Z,"2013-06-11 15:37:30Z,2013-11-26 01:31:17Z,2013-06-11 15:41:11Z,2013-06-11 15:40:35Z",,https://stackoverflow.com/questions/17048140/convert-multidimensional-php-array-to-javascript-array,"17048140,17048191,20206947,17048277,17048266"
2011-05-22 16:59:18Z,2011-05-22 16:59:18Z,,https://stackoverflow.com/questions/6089214/how-do-i-marshal-wchar-t-from-c-to-c-sharp-as-an-out-parameter-or-return-valu,"6089214,6089416"
2010-02-09 10:29:27Z,"2010-02-15 01:05:59Z,2010-02-09 10:29:27Z",,https://stackoverflow.com/questions/2228275/java-generics-and-jni,"2228275,2263544,2228309"
2014-08-19 11:06:32Z,2014-08-19 11:06:32Z,,https://stackoverflow.com/questions/25379340/nashorn-java-collections-how-to-implement-equals-and-hashcode-in-pure-javascri,"25379340,25381827"
2014-01-31 10:46:40Z,2014-01-31 10:46:40Z,,https://stackoverflow.com/questions/21477881/use-javascript-to-update-a-json-file,"21477881,21478124"
2012-01-05 16:03:38Z,"2012-01-05 16:03:38Z,2018-05-21 08:04:58Z,2016-03-18 03:30:25Z",,https://stackoverflow.com/questions/8688400/using-managed-threads-and-fibers-in-clr,"8688400,8745589,50444449,36075620"
2013-04-03 12:55:01Z,"2013-04-03 12:55:01Z,2013-04-03 13:01:04Z,2019-05-31 11:22:25Z,2021-04-19 05:35:02Z",,https://stackoverflow.com/questions/15787748/evaluating-javascript-using-a-java-code,"15787748,15787930,15788077,56394174,67156439"
2013-01-03 04:57:52Z,"2013-01-03 04:57:52Z,2013-01-08 15:11:33Z",,https://stackoverflow.com/questions/14124695/seg-fault-in-php-extension,"14124695,14133275,14218036"
2015-07-10 07:04:29Z,"2015-07-10 07:04:29Z,2015-07-10 07:03:50Z",,https://stackoverflow.com/questions/31334390/c-sharp-property-value-doesnt-get-modified-within-javascript-jquery,"31334390,31334513,31334498"
2011-03-08 21:21:53Z,2011-03-08 21:21:53Z,,https://stackoverflow.com/questions/5236690/float-from-c-to-c-sharp,"5236690,5238483"
2017-07-18 21:14:06Z,2017-07-18 21:14:06Z,,https://stackoverflow.com/questions/45108666/sessions-in-angularjs-and-php-application,"45108666,45177200"
2012-12-03 18:32:54Z,"2012-12-01 00:03:29Z,2012-12-03 18:32:54Z",,https://stackoverflow.com/questions/13654561/marshalling-an-array-of-strings-from-managed-to-native-code,"13654561,13654946,13689471"
2011-07-29 05:00:53Z,"2011-07-29 05:00:53Z,2013-02-17 04:53:14Z",,https://stackoverflow.com/questions/6866464/com-safearray-of-guids-returned-from-c-to-c-sharp,"6866464,6868828,14918097"
2013-06-26 00:44:31Z,"2013-06-26 00:44:31Z,2020-11-20 16:25:00Z,2019-10-23 15:44:14Z",,https://stackoverflow.com/questions/17309745/how-to-join-a-group-using-signalr,"17309745,17309833,64933148,58526598"
2012-04-25 11:39:39Z,2012-04-25 11:39:39Z,,https://stackoverflow.com/questions/10314645/jni-multi-threads,"10314645,10314827"
2012-08-08 11:20:20Z,2012-08-08 11:20:20Z,,https://stackoverflow.com/questions/10524365/interop-causes-unity-to-crash,"10524365,11863410"
2013-12-06 13:18:04Z,"2013-12-06 13:18:04Z,2016-08-05 16:31:58Z,2013-12-06 08:39:25Z",,https://stackoverflow.com/questions/20419415/c-sharp-call-c-dll-passing-pointer-to-pointer-argument,"20419415,20424906,38793957,20419494"
2012-09-23 09:18:08Z,2012-09-23 09:18:08Z,,https://stackoverflow.com/questions/10596052/stdvector-to-java-util-vector-code-generation-with-swig,"10596052,12551108"
2012-11-16 15:37:08Z,"2012-11-16 15:37:08Z,2012-11-16 15:56:25Z",,https://stackoverflow.com/questions/13419676/assigning-the-model-to-a-javascript-variable-in-razor,"13419676,13419706,13420032"
2011-09-05 15:25:48Z,"2011-09-05 15:25:48Z,2011-09-05 15:12:09Z",,https://stackoverflow.com/questions/7309838/improper-marshaling-c-sharp-array-to-a-c-unmanaged-array,"7309838,7310021,7309888"
2015-05-05 02:52:37Z,"2015-05-05 02:52:37Z,2015-05-05 03:02:14Z,2015-05-04 07:58:05Z",,https://stackoverflow.com/questions/30024948/flask-download-a-csv-file-on-clicking-a-button,"30024948,30043470,30043552,30025277"
2013-10-24 09:37:01Z,"2013-10-24 09:37:01Z,2018-05-09 17:11:38Z,2013-10-24 10:36:31Z,2013-10-24 10:07:35Z,2019-11-01 18:11:50Z,2021-05-02 09:24:34Z",,https://stackoverflow.com/questions/19561877/is-it-possible-to-set-localstorage-or-session-variable-in-asp-net-page-and-read,"19561877,19562276,50258730,19563567,19562951,58663944,67354740"
2013-08-31 06:16:23Z,"2013-08-31 06:16:23Z,2013-09-02 06:02:59Z",,https://stackoverflow.com/questions/18545034/how-do-i-convert-my-entire-div-data-into-image-and-save-it-into-directory-withou,"18545034,18545150,18566558"
2015-05-01 14:02:16Z,"2015-05-01 14:02:16Z,2021-08-10 11:32:42Z",,https://stackoverflow.com/questions/29987323/how-do-i-send-data-from-js-to-python-with-flask,"29987323,29988302,68726054"
2010-07-26 08:33:46Z,2010-07-26 08:33:46Z,,https://stackoverflow.com/questions/3333182/speeding-up-ajax-requests-can-gzip-compression-be-applied,"3333182,3333309"
2014-05-08 14:12:25Z,"2014-05-01 14:14:04Z,2014-05-07 23:52:24Z,2014-05-08 12:47:22Z,2014-05-08 14:12:25Z,2014-05-07 06:08:43Z",,https://stackoverflow.com/questions/23366570/store-client-server-string-filtering-directives-for-realtime-use,"23366570,23409463,23530414,23542193,23544303,23509982"
2011-10-24 06:40:55Z,2011-10-24 06:40:55Z,,https://stackoverflow.com/questions/7700446/java-app-calls-c-dll-via-jni-how-best-to-allocate-memory,"7700446,7872067"
2015-05-15 08:48:30Z,2015-05-15 08:48:30Z,,https://stackoverflow.com/questions/30214271/php-js-progress-bar,"30214271,30255247"
2013-10-29 15:25:46Z,"2013-10-29 15:25:46Z,2013-10-29 15:33:10Z,2016-07-08 20:14:17Z,2016-08-24 21:41:01Z,2019-07-24 18:13:20Z,2013-10-29 15:03:29Z",,https://stackoverflow.com/questions/19661580/minify-css-and-js-in-codeigniter-efficiently,"19661580,19662446,19662653,38274716,39133458,57188961,19661883"
2013-01-11 01:33:15Z,"2013-01-11 01:33:15Z,2013-09-05 09:29:30Z",,https://stackoverflow.com/questions/14269798/java-jni-calls-are-slower-than-expected-at-least-2-ms-call,"14269798,14270276,18632633"
2013-02-14 09:04:35Z,"2013-02-14 09:04:35Z,2010-05-17 10:51:56Z,2010-05-17 17:10:07Z,2010-05-19 16:57:03Z,2010-05-17 10:52:41Z,2010-05-17 11:02:20Z,2010-05-17 12:06:42Z,2017-02-02 13:34:55Z",,https://stackoverflow.com/questions/2848359/how-to-write-javascript-in-asp-net-in-code-behind-using-c-sharp,"2848359,14871131,2848373,2851144,2867682,2848380,2848439,2848841,42003616"
2017-10-23 12:09:14Z,2017-10-23 12:09:14Z,,https://stackoverflow.com/questions/46888778/autocomplete-textbox-using-php,"46888778,46889013"
2009-12-16 20:52:21Z,"2009-12-16 20:52:21Z,2014-02-12 23:50:04Z,2012-11-28 18:45:10Z,2014-07-25 07:25:16Z,2019-07-12 09:41:01Z,2014-06-17 15:54:15Z,2012-06-03 15:47:27Z,2009-12-16 20:50:27Z,2016-02-28 16:00:02Z,2014-07-22 12:48:35Z,2009-12-16 20:53:46Z,2016-03-31 17:57:47Z,2020-10-26 04:47:01Z,2018-08-09 12:16:21Z,2019-08-08 13:15:29Z,2021-08-14 01:57:35Z",,https://stackoverflow.com/questions/1917576/how-do-i-pass-javascript-variables-to-php,"1917576,1917626,21742468,13612240,24950211,57004349,24268265,10871711,1917610,35684778,24887873,1917640,36340430,64531647,51766806,57413536,68779769"
2017-05-17 10:06:04Z,"2017-05-17 10:06:04Z,2017-05-13 08:17:56Z,2017-05-19 17:53:44Z,2017-05-14 08:42:05Z,2017-05-18 13:46:44Z,2017-05-17 06:04:05Z",,https://stackoverflow.com/questions/43827637/how-to-use-ajax-and-json-for-making-dropdown-menu,"43827637,44021758,43950849,44076218,43961994,44049544,44016785"
2014-06-20 19:40:32Z,"2014-06-20 19:40:32Z,2016-04-25 08:17:19Z,2018-03-13 15:10:51Z,2013-08-26 09:50:13Z,2018-06-25 22:43:46Z,2013-08-26 09:49:54Z,2013-08-26 09:45:53Z",,https://stackoverflow.com/questions/18441194/how-to-call-a-c-sharp-function-from-javascript,"18441194,24334514,36835230,49259626,18441289,51032696,18441284,18441221"
2019-01-06 03:55:54Z,"2019-01-06 03:55:54Z,2019-01-12 21:38:14Z,2019-01-03 08:29:34Z",,https://stackoverflow.com/questions/54018008/how-to-pass-content-in-tinymces-textarea-to-a-php-file-directly-instead-of-send,"54018008,54058509,54164100,54018708"
2020-12-13 18:05:55Z,"2020-12-13 18:05:55Z,2020-12-10 15:43:21Z,2020-12-10 18:15:24Z,2020-12-13 18:44:25Z,2020-12-16 23:36:11Z",,https://stackoverflow.com/questions/65189028/how-to-change-server-side-language-cookies-like-client-side-using-ajax,"65189028,65278963,65237695,65240065,65279316,65332669"
2019-06-08 06:33:18Z,"2019-06-08 06:33:18Z,2019-06-05 14:58:07Z,2019-06-07 06:26:02Z,2019-06-10 07:24:07Z",,https://stackoverflow.com/questions/56385013/how-to-show-entire-text-in-a-modal-on-click-of-ellipsis-in-js,"56385013,56504094,56463082,56488986,56522175"
2011-03-15 10:16:32Z,"2011-03-15 10:16:32Z,2011-03-15 10:17:44Z,2011-03-15 10:27:21Z,2011-03-15 10:17:51Z,2011-03-15 10:14:43Z",,https://stackoverflow.com/questions/5310216/passing-php-variable-into-javascript,"5310216,5310269,5310278,5310364,5310279,5310247"
2009-11-09 02:34:08Z,"2009-11-09 02:34:08Z,2011-08-12 23:45:07Z,2013-09-06 13:47:24Z",,https://stackoverflow.com/questions/1698801/passing-php-array-into-javascript-through-json-to-update-google-chart,"1698801,1698821,7047464,18659399"
2017-10-18 10:16:42Z,"2017-10-18 10:16:42Z,2017-10-18 09:52:39Z",,https://stackoverflow.com/questions/46805745/laravel-how-to-hide-the-interpolation-code-before-vue-js-loads,"46805745,46807833,46807386"
2016-06-09 03:54:55Z,"2016-06-09 03:54:55Z,2016-06-04 13:33:09Z,2016-06-04 13:26:15Z,2016-06-04 13:26:25Z,2016-06-04 13:39:22Z,2016-06-06 17:02:52Z,2016-06-10 13:44:04Z",,https://stackoverflow.com/questions/37570418/reload-captcha-image,"37570418,37716507,37630836,37630767,37630770,37630896,37663067,37749860"
2015-10-14 20:53:41Z,2015-10-14 20:53:41Z,,https://stackoverflow.com/questions/33066486/jscroll-js-with-laravel-5-nextselector-not-found-destroying,"33066486,33135400"
2017-10-19 21:02:22Z,2017-10-19 21:02:22Z,,https://stackoverflow.com/questions/46746561/adding-the-load-more-button-from-my-front-page-to-my-search-page,"46746561,46838850"
2017-02-11 03:25:07Z,"2017-02-16 04:06:53Z,2017-02-11 03:25:07Z,2020-05-13 14:06:59Z",,https://stackoverflow.com/questions/42101786/dropzone-js-prevents-flask-from-rendering-template,"42101786,42264730,42171830,61776790"
2012-05-05 02:03:57Z,"2012-05-05 02:03:57Z,2012-05-07 15:42:40Z,2014-02-21 12:17:48Z",,https://stackoverflow.com/questions/10212686/social-icons-not-working-with-infinite-scrolling-on-wordpress,"10212686,10458205,10484993,21934308"
2011-07-11 11:11:03Z,"2011-07-11 11:11:03Z,2011-07-11 11:05:10Z",,https://stackoverflow.com/questions/6649125/calling-java-methods-in-javascript-code,"6649125,6649204,6649146"
2018-09-18 02:23:04Z,"2018-09-18 02:23:04Z,2019-11-08 10:25:57Z",,https://stackoverflow.com/questions/52367826/custom-plus-and-minus-quantity-buttons-in-woocommerce-3,"52367826,52378023,58764739"
2014-06-27 11:17:35Z,2014-06-27 11:17:35Z,,https://stackoverflow.com/questions/24450304/load-data-on-scroll-up-like-facebook-chatting-system,"24450304,24450518"
2016-10-04 19:38:08Z,2016-10-04 19:38:08Z,,https://stackoverflow.com/questions/39774300/jquery-datatables-asp-net-issue,"39774300,39860437"
2013-11-21 05:54:09Z,"2013-11-21 05:54:09Z,2016-06-08 14:53:26Z,2016-09-13 09:53:20Z,2013-11-21 03:44:27Z",,https://stackoverflow.com/questions/20111929/asp-net-button-on-click-not-firing-using-jquery-modal-dialog,"20111929,20113539,37706007,39467098,20112025"
2015-12-22 19:45:14Z,"2015-12-22 19:45:14Z,2015-12-18 20:22:53Z,2015-12-18 20:28:53Z,2015-12-21 17:49:50Z,2015-12-21 17:12:53Z,2015-12-24 18:52:13Z,2015-12-22 05:24:08Z,2015-12-28 07:59:23Z,2015-12-28 11:49:26Z,2016-02-05 13:29:22Z,2015-12-28 12:13:28Z,2015-12-28 13:11:39Z,2018-12-21 03:33:40Z,2020-03-31 09:06:33Z",,https://stackoverflow.com/questions/34362470/load-modal-after-form-submit,"34362470,34423341,34363391,34363458,34401567,34400998,34456821,34408967,34489729,34492977,35225450,34493343,34494169,53878845,60946942"
2016-05-14 16:57:32Z,"2016-05-14 16:57:32Z,2017-10-20 21:12:47Z,2016-05-15 15:45:35Z",,https://stackoverflow.com/questions/37228791/custom-button-next-to-add-to-cart-button-of-woocommerce-based-on-product-type,"37228791,37229440,46857419,37240312"
2011-10-08 19:37:39Z,2011-10-08 19:37:39Z,,https://stackoverflow.com/questions/7699172/check-uncheck-all-checkboxes-with-javascript-in-a-php-array-with-keys,"7699172,7699298"
2014-02-17 17:35:53Z,"2014-02-17 17:35:53Z,2014-02-17 17:35:19Z,2014-02-17 17:36:22Z",,https://stackoverflow.com/questions/21835623/jquery-img-src-replace-not-working,"21835623,21835685,21835674,21835695"
2012-11-19 13:41:35Z,"2012-11-19 13:41:35Z,2015-07-16 09:50:39Z,2014-09-23 14:11:32Z,2012-11-19 13:41:27Z,2013-10-15 22:39:52Z,2013-06-13 12:12:26Z,2012-11-19 13:41:25Z,2013-06-13 13:34:54Z,2013-08-02 18:46:54Z",,https://stackoverflow.com/questions/13454985/asp-net-set-hiddenfield-a-value-in-javascript,"13454985,13455033,31450881,25997334,13455030,19392327,17086784,13455027,17088447,18024056"
2010-11-05 16:11:45Z,"2010-11-05 16:11:45Z,2010-11-05 16:25:33Z",,https://stackoverflow.com/questions/4107728/does-https-connection-disabled-jquery,"4107728,4107761,4107870"
2009-02-10 23:01:15Z,"2009-02-10 23:01:15Z,2009-02-10 07:07:37Z,2009-02-10 07:09:54Z,2009-02-10 07:24:23Z",,https://stackoverflow.com/questions/531311/how-can-i-generate-dynamic-javascript,"531311,534655,531319,531325,531354"
2009-05-07 15:15:36Z,"2009-05-07 15:15:36Z,2009-05-07 15:36:34Z,2009-08-20 02:11:32Z,2010-11-03 11:22:09Z,2010-04-08 00:31:39Z,2019-06-20 15:22:59Z",,https://stackoverflow.com/questions/835259/show-hide-fields-depending-on-select-value,"835259,835270,835382,1303618,4086526,2596820,56689228"
2016-10-04 20:09:48Z,"2016-10-04 20:09:48Z,2016-09-28 07:59:57Z,2016-09-28 07:17:13Z",,https://stackoverflow.com/questions/39686611/column-sum-of-multiple-columns-of-dynamic-gridview-using-javascript,"39686611,39860935,39741415,39740543"
2013-12-04 12:18:16Z,"2016-05-07 12:37:39Z,2013-12-04 12:18:16Z",,https://stackoverflow.com/questions/18512184/google-maps-finding-all-the-markers-inside-a-given-radius-javascript-php,"18512184,37088634,20375181"
2011-03-27 12:35:52Z,2011-03-27 12:35:52Z,,https://stackoverflow.com/questions/5449067/gwt-2-x-entry-function,"5449067,5449230"
2011-12-09 19:47:08Z,"2011-12-09 20:02:37Z,2011-12-09 19:47:08Z",,https://stackoverflow.com/questions/8450481/method-without-return-value-in-python-c-extension-module,"8450481,8451069,8450880"
2017-04-17 23:08:18Z,2017-04-17 23:08:18Z,,https://stackoverflow.com/questions/43161227/no-response-when-validationexception-is-thrown-using-plupload-and-symfony3,"43161227,43461029"
2016-08-24 17:19:22Z,2016-08-24 17:19:22Z,,https://stackoverflow.com/questions/39127512/java-uncaughtexceptionhandler-havent-got-any-exception-using-jni,"39127512,39129439"
2015-05-20 20:53:37Z,2015-05-20 20:53:37Z,,https://stackoverflow.com/questions/30308490/jni-wrapper-for-c-function-using-swig-what-should-be-the-typemap,"30308490,30360180"
2014-06-18 05:45:22Z,"2015-04-23 21:09:36Z,2014-06-18 05:45:22Z,2015-05-24 10:56:41Z,2019-08-27 14:53:09Z,2020-06-19 07:17:51Z,2014-06-18 05:18:47Z,2014-06-18 05:39:41Z",,https://stackoverflow.com/questions/24277488/in-python-how-to-capture-the-stdout-from-a-c-shared-library-to-a-variable,"24277488,29834357,24277852,30422721,57677370,62465185,24277552,24277776"
2009-12-25 16:20:34Z,"2009-12-25 16:20:34Z,2009-12-11 23:28:38Z",,https://stackoverflow.com/questions/1711490/returning-a-c-class-to-java-via-jni,"1711490,1961432,1891541,1711570"
2014-06-30 14:43:08Z,"2016-02-23 15:50:33Z,2014-06-30 14:43:08Z,2014-07-09 12:15:57Z,2019-09-27 06:20:42Z,2015-05-12 11:12:45Z,2020-10-04 14:56:34Z",,https://stackoverflow.com/questions/24492327/python-embedding-in-c-importerror-no-module-named-pyfunction,"24492327,35582046,24492775,24653462,58128851,30189163,64196146"
2012-07-10 13:20:09Z,"2012-07-10 13:20:09Z,2012-06-20 16:51:58Z,2012-06-20 16:50:51Z",,https://stackoverflow.com/questions/11123899/passing-a-c-sharp-class-object-in-and-out-of-a-c-dll-class,"11123899,11414228,11124379,11124364"
2013-04-24 20:02:08Z,"2015-09-06 16:44:04Z,2013-04-24 20:02:08Z,2015-03-09 19:19:07Z,2013-06-13 11:46:27Z,2014-05-14 08:33:00Z,2019-07-02 06:40:33Z",,https://stackoverflow.com/questions/16200997/why-doesnt-include-python-h-work,"16200997,32425901,16201110,28950084,17086265,23649476,56846684"
2019-09-18 11:57:52Z,2019-09-18 11:57:52Z,,https://stackoverflow.com/questions/57990269/passing-pointer-to-c-from-python-using-pybind11,"57990269,57992245"
2015-04-19 02:46:46Z,"2015-04-19 02:46:46Z,2015-04-12 23:01:02Z",,https://stackoverflow.com/questions/29595222/multithreading-with-python-and-c-api,"29595222,29725222,29595654"
2013-02-08 00:31:52Z,"2013-02-08 00:31:52Z,2013-02-07 22:42:07Z",,https://stackoverflow.com/questions/14762048/subprocess-call-in-python-to-invoke-java-jar-files-with-java-opts,"14762048,14763762,14762468"
2009-06-18 19:50:57Z,"2009-06-18 19:50:57Z,2009-06-18 19:45:36Z,2009-06-18 21:15:26Z,2009-06-19 13:15:00Z,2009-06-18 20:02:50Z",,https://stackoverflow.com/questions/1014584/force-java-to-call-my-c-destructor-jni,"1014584,1014820,1014800,1015211,1017910,1014880"
2015-07-16 14:33:24Z,2015-07-16 14:33:24Z,,https://stackoverflow.com/questions/31436593/cython-templates-in-python-class-wrappers,"31436593,31457216"
2013-01-23 14:31:43Z,"2013-01-23 14:31:43Z,2013-01-23 14:33:49Z,2013-01-23 14:33:24Z",,https://stackoverflow.com/questions/14482064/how-to-pass-variables-back-from-php-by-ajax,"14482064,14482127,14482171,14482162"
2013-04-04 03:10:29Z,"2013-04-04 03:10:29Z,2013-04-04 15:28:40Z",,https://stackoverflow.com/questions/15801782/how-to-correctly-pass-a-json-object-to-flask-server-using-jquery-ajax,"15801782,15801873,15815469"
2013-08-08 23:57:35Z,2013-08-08 23:57:35Z,,https://stackoverflow.com/questions/18115260/gwt-custom-event-trigger-in-javascript,"18115260,18138187"
2016-05-28 11:28:25Z,2016-05-28 11:28:25Z,,https://stackoverflow.com/questions/37474832/how-to-train-a-model-in-c-with-tensorflow,"37474832,37498417"
2011-09-01 20:55:56Z,"2011-09-01 20:55:56Z,2011-09-01 20:58:53Z,2014-05-27 10:02:59Z",,https://stackoverflow.com/questions/7276389/confused-over-dll-entry-points-entry-point-not-found-exception,"7276389,7276429,7276458,23886480"
2017-04-28 12:31:49Z,"2017-04-28 12:31:49Z,2017-04-28 17:03:53Z",,https://stackoverflow.com/questions/43633044/generate-android-apk-using-shell-script-from-php,"43633044,43680344,43685442"
2013-06-04 02:21:11Z,2013-06-04 02:21:11Z,,https://stackoverflow.com/questions/16908820/what-is-the-init-function-of-a-dynamic-module-in-python,"16908820,16908844"
2013-10-08 08:47:43Z,2013-10-08 08:47:43Z,,https://stackoverflow.com/questions/19243020/in-python-get-the-output-of-system-command-as-a-string,"19243020,19243080"
2014-02-19 11:46:21Z,"2014-02-19 11:46:21Z,2015-04-24 16:45:01Z",,https://stackoverflow.com/questions/21877127/calling-system-loadlibrary-twice-for-the-same-shared-library,"21877127,21879539,29853050"
2010-08-14 23:40:06Z,"2010-08-14 23:40:06Z,2010-08-14 23:30:02Z,2010-08-14 17:39:55Z,2010-08-14 17:49:49Z,2010-08-14 18:17:04Z,2010-08-15 21:25:06Z,2010-08-14 22:57:51Z",,https://stackoverflow.com/questions/3476762/java-hangs-even-though-scripts-execution-is-completed,"3476762,3485580,3485558,3484422,3484458,3484555,3489338,3485461"
2011-12-02 18:10:35Z,2011-12-02 18:10:35Z,,https://stackoverflow.com/questions/8358375/how-to-return-int-array-from-java-to-jni,"8358375,8360691"
2011-06-22 18:17:41Z,2011-06-22 18:17:41Z,,https://stackoverflow.com/questions/6444131/using-a-python-script-in-java-eclipse,"6444131,6444556"
2011-11-11 03:37:52Z,"2011-11-11 03:37:52Z,2011-11-11 03:37:54Z,2011-11-11 03:38:00Z,2011-11-11 03:39:13Z,2011-11-11 05:46:50Z",,https://stackoverflow.com/questions/8089351/exec-any-command-in-c,"8089351,8089381,8089382,8089384,8089392,8090147"
2016-07-17 17:14:53Z,2016-07-17 17:14:53Z,,https://stackoverflow.com/questions/38378901/jni-thread-model,"38378901,38423862"
2015-05-21 17:15:21Z,"2015-05-16 12:35:06Z,2015-05-21 17:15:21Z,2015-05-15 15:41:56Z",,https://stackoverflow.com/questions/30263293/youtube-subscriptions-list-api-v3-nextpagetoken-isnt-available,"30263293,30275747,30380309,30263572"
2013-03-06 07:06:16Z,"2013-10-21 11:28:29Z,2013-03-06 07:06:16Z,2013-03-06 06:34:43Z,2018-06-12 01:04:09Z,2013-03-06 06:32:57Z,2018-03-12 09:14:01Z,2018-10-14 15:41:37Z,2020-08-11 06:28:07Z",,https://stackoverflow.com/questions/15240472/confirm-box-in-codeigniter-anchor-link-to-delete-record,"15240472,19493317,15241069,15240584,50807951,15240550,49231583,52804346,63352640"
2010-05-16 08:52:22Z,"2010-05-16 08:52:22Z,2010-05-15 23:41:15Z,2010-10-20 19:09:35Z,2013-09-08 22:10:01Z",,https://stackoverflow.com/questions/2842079/how-can-i-pass-a-javascript-function-to-a-java-method-to-act-as-a-callback-rhin,"2842079,2843102,2842105,3981418,18689122"
2015-06-23 17:25:10Z,2015-06-23 17:25:10Z,,https://stackoverflow.com/questions/30984078/cython-working-with-c-streams,"30984078,31009461"
2013-09-19 20:25:57Z,2013-09-19 20:25:57Z,,https://stackoverflow.com/questions/18878179/how-to-avoid-memory-leak-with-shared-ptr-and-swig,"18878179,18904285"
2015-06-12 16:17:22Z,"2015-06-04 06:27:07Z,2015-06-12 16:17:22Z",,https://stackoverflow.com/questions/29699543/how-to-get-swig-to-apply-templates-when-wrapping-a-template-class-containing-vec,"29699543,30636469,30807781"
2012-01-16 18:42:30Z,"2012-01-16 18:42:30Z,2012-01-16 18:47:24Z,2012-01-16 18:49:18Z,2012-01-16 18:33:16Z,2012-01-16 18:40:26Z",,https://stackoverflow.com/questions/8884480/starting-and-killing-java-app-with-shell-script-debian,"8884480,8884735,8884794,8884825,8884630,8884716"
2009-07-28 12:02:10Z,"2009-07-28 12:02:10Z,2009-07-28 12:01:02Z",,https://stackoverflow.com/questions/1161142/not-receiving-callbacks-from-the-java-access-bridge,"1161142,1193644,1193637"
2011-08-11 23:05:17Z,"2011-08-11 23:05:17Z,2018-10-28 17:42:39Z",,https://stackoverflow.com/questions/7033953/python-cgi-program-wants-to-know-the-ip-address-of-the-calling-web-page,"7033953,7033974,53034398"
2012-11-10 13:09:08Z,"2012-11-10 13:09:08Z,2012-11-10 13:08:35Z",,https://stackoverflow.com/questions/13322119/how-to-make-script-in-linux-use-my-interpteter-and-work,"13322119,13322323,13322318"
2010-08-03 15:05:35Z,"2010-08-03 15:05:35Z,2016-12-06 11:56:04Z,2010-08-03 14:59:41Z,2013-02-21 19:00:33Z",,https://stackoverflow.com/questions/3397513/how-do-i-access-return-value-of-a-java-method-returning-java-lang-string-from-c,"3397513,3397854,40994812,3397802,15010208"
2016-07-15 14:15:44Z,"2016-05-13 09:40:54Z,2016-05-13 09:42:29Z,2016-07-15 14:15:44Z",,https://stackoverflow.com/questions/37206310/how-to-return-the-multiple-lists-from-controller-action-to-ajax-success-call-bac,"37206310,37206553,37206588,38398365"
2017-07-31 21:28:11Z,"2017-07-31 21:28:11Z,2018-04-15 04:40:11Z",,https://stackoverflow.com/questions/45387728/calling-a-c-style-function-pointer-in-a-webassembly-from-javascript,"45387728,45425578,49838541"
2010-01-06 07:08:49Z,"2012-07-23 15:48:24Z,2010-01-06 07:08:49Z",,https://stackoverflow.com/questions/2011311/running-java-with-java-opts-env-variable-has-no-effect,"2011311,11615960,2011420"
2013-05-21 13:44:29Z,2013-05-21 13:44:29Z,,https://stackoverflow.com/questions/16660049/extracting-arguments-from-kwargs-in-boostpython,"16660049,16671616"
2013-03-08 18:10:45Z,"2013-03-08 18:10:45Z,2013-03-08 18:34:33Z,2013-03-08 18:08:21Z,2013-03-08 18:14:54Z,2017-08-20 11:02:00Z,2013-03-08 18:11:04Z",,https://stackoverflow.com/questions/15300470/jquery-ajax-form-using-mail-php-script-sends-email-but-post-data-from-html-fo,"15300470,15300524,15300920,15300490,15300597,45781417,15300530"
2013-04-10 10:52:26Z,"2013-04-10 10:52:26Z,2017-07-05 20:46:55Z,2020-05-06 21:24:36Z",,https://stackoverflow.com/questions/15923595/how-to-use-a-c-dll-in-unity3d,"15923595,15923816,44935720,61645671"
2014-02-05 15:50:31Z,"2014-02-05 15:50:31Z,2014-02-05 15:38:11Z",,https://stackoverflow.com/questions/21581560/php-how-to-know-if-server-allows-shell-exec,"21581560,21581873,21581614"
2012-04-21 10:04:28Z,"2012-04-21 10:04:28Z,2012-04-21 10:07:22Z,2012-04-21 05:18:46Z",,https://stackoverflow.com/questions/10256315/python-c-extensions-why-must-callable-c-functions-take-arguments-and-return-py,"10256315,10257972,10257988,10256445"
2011-09-06 16:00:27Z,"2011-09-06 16:00:27Z,2015-07-14 16:29:20Z,2018-05-28 02:44:31Z",,https://stackoverflow.com/questions/7322420/calling-javascript-object-method-using-webbrowser-document-invokescript,"7322420,7322789,31412325,50558478"
2013-12-27 08:03:01Z,2013-12-27 08:03:01Z,,https://stackoverflow.com/questions/20692053/callback-as-parameter-of-c-structure-java-wrapper-generation,"20692053,20797112"
2019-02-06 05:15:22Z,2019-02-06 05:15:22Z,,https://stackoverflow.com/questions/54545813/using-kill-to-trigger-a-parents-waitpid,"54545813,54547029"
2016-09-14 20:10:48Z,"2016-09-14 20:10:48Z,2016-09-14 20:12:57Z",,https://stackoverflow.com/questions/39498702/passing-arguments-to-python-from-shell-script,"39498702,39498877,39498894"
2011-03-20 09:04:15Z,2011-03-20 09:04:15Z,,https://stackoverflow.com/questions/5367515/how-to-call-a-c-dll-exported-function-from-c-sharp,"5367515,5367583"
2019-05-16 14:43:09Z,"2019-05-16 14:43:09Z,2019-05-16 09:22:26Z",,https://stackoverflow.com/questions/55964908/passing-jwt-token-to-sockjs,"55964908,56171172,56165142"
2014-02-18 17:54:50Z,"2014-02-18 17:54:50Z,2014-04-02 14:00:26Z,2016-03-02 10:54:29Z",,https://stackoverflow.com/questions/21852459/tomcat-7-0-50-java-websocket-implementation-gives-404-error,"21852459,21861664,22813891,35745164"
2013-12-22 19:22:32Z,"2013-12-22 19:22:32Z,2013-12-22 19:21:40Z",,https://stackoverflow.com/questions/20732980/how-to-use-socket-with-a-python-client-and-a-c-server,"20732980,20733108,20733094"
2014-04-08 06:48:09Z,"2014-04-08 06:48:09Z,2014-04-04 06:46:49Z,2021-01-01 12:08:42Z",,https://stackoverflow.com/questions/22854749/flask-and-ajax-post-http-400-bad-request-error,"22854749,22929593,22855502,65529541"
2017-03-01 11:18:22Z,"2017-03-01 11:18:22Z,2017-08-11 14:07:57Z",,https://stackoverflow.com/questions/42475492/how-to-read-and-echo-file-size-of-uploaded-file-being-written-at-server-in-real,"42475492,42530307,45637236"
2013-09-10 23:27:57Z,"2013-09-10 23:27:57Z,2013-09-04 07:35:48Z,2013-09-04 02:10:01Z",,https://stackoverflow.com/questions/18583273/issues-with-cors-flask-angularjs,"18583273,18730345,18607993,18604372"
2018-02-14 09:27:03Z,2018-02-14 09:27:03Z,,https://stackoverflow.com/questions/48777708/react-frontend-connecting-to-flask-backend-howto,"48777708,48783630"
2013-07-24 12:46:32Z,2013-07-24 12:46:32Z,,https://stackoverflow.com/questions/17834243/how-to-read-formdata-object-in-php,"17834243,17834459"
2018-02-27 14:06:24Z,2018-02-27 14:06:24Z,,https://stackoverflow.com/questions/49010415/flask-request-get-json-returning-none-when-valid-json-data-sent-via-post-reque,"49010415,49010614"
2013-10-15 01:03:56Z,"2013-10-15 01:03:56Z,2017-09-27 09:07:12Z,2016-09-06 10:55:03Z",,https://stackoverflow.com/questions/19370223/why-is-my-ajax-request-getting-response-0,"19370223,19371705,46443796,39347289"
2015-07-12 10:53:51Z,2015-07-12 10:53:51Z,,https://stackoverflow.com/questions/31366855/how-to-bind-zeromq-socket-with-ratchet-web-socket-library-to-make-real-time-appl,"31366855,31366990"
2015-04-17 07:38:53Z,"2015-04-17 07:38:53Z,2015-05-23 16:04:19Z,2016-12-14 09:11:22Z,2018-07-18 08:24:34Z,2020-05-20 10:46:43Z",,https://stackoverflow.com/questions/29626410/krajee-bootstrap-file-input-catching-ajax-success-response,"29626410,29693125,30414801,41138676,51397051,61911142"
2015-02-07 20:27:04Z,"2015-02-07 20:27:04Z,2017-06-08 04:47:54Z",,https://stackoverflow.com/questions/28386534/post-request-with-jquery-and-laravel-framework,"28386534,28386983,44426835"
2011-06-11 05:59:16Z,"2011-06-11 05:59:16Z,2011-06-11 05:55:20Z",,https://stackoverflow.com/questions/6314320/designing-javascript-frontend-c-backend-communication,"6314320,6314382,6314369"
2012-05-01 22:59:26Z,"2012-05-01 22:59:26Z,2013-02-26 22:29:40Z,2012-05-01 22:58:37Z,2012-05-03 20:19:04Z",,https://stackoverflow.com/questions/10405515/piping-in-shell-via-python-subprocess-module,"10405515,10405562,15100663,10405551,10438740"
2010-09-20 15:54:35Z,2010-09-20 15:54:35Z,,https://stackoverflow.com/questions/3752231/socket-no-route-to-host-error,"3752231,3753180"
2011-03-02 15:19:33Z,"2011-03-30 14:15:28Z,2011-03-02 15:19:33Z",,https://stackoverflow.com/questions/5169434/content-transfer-encoding-in-file-uploading-request,"5169434,5487532,5169565"
2015-04-08 15:00:59Z,"2015-04-08 15:00:59Z,2017-06-27 10:02:10Z,2019-11-06 14:03:51Z",,https://stackoverflow.com/questions/29516515/how-to-get-a-zip-with-ajax-from-php-server,"29516515,29518340,44777451,58731918"
2012-06-07 17:05:15Z,"2012-06-07 17:05:15Z,2012-06-07 17:15:45Z,2019-05-02 18:59:05Z,2012-06-07 18:12:25Z,2021-05-15 05:08:05Z,2019-05-20 12:28:43Z",,https://stackoverflow.com/questions/10936407/ajax-type-post-post-method-to-php,"10936407,10936490,10936640,55958649,10937427,67543444,56221048"
2014-06-22 13:51:45Z,"2014-06-22 13:51:45Z,2014-06-17 13:04:12Z",,https://stackoverflow.com/questions/24192138/signalr-longpolling-multiple-groups-add-for-a-single-client-exception,"24192138,24351914,24264604"
2013-11-20 01:39:12Z,"2013-11-20 01:39:12Z,2014-07-08 14:42:47Z",,https://stackoverflow.com/questions/20084549/angularjs-form-post-data-not-posted,"20084549,20085763,24634773"
2014-01-29 20:41:26Z,2014-01-29 20:41:26Z,,https://stackoverflow.com/questions/21441786/post-to-php-from-node-js,"21441786,21442168"
2010-05-18 00:24:34Z,"2010-05-18 00:24:34Z,2010-05-17 23:50:08Z,2010-05-17 23:51:33Z,2010-05-18 00:06:32Z,2010-05-18 00:17:12Z",,https://stackoverflow.com/questions/2853725/whats-the-best-way-to-debug-ajax-to-php-calls,"2853725,2853888,2853743,2853754,2853814,2853860"
2016-05-29 05:57:33Z,"2016-05-29 05:57:33Z,2016-05-29 05:59:23Z,2016-05-29 06:15:14Z",,https://stackoverflow.com/questions/37506637/how-to-clear-ajax-response,"37506637,37506709,37506725,37506821"
2012-01-17 16:18:01Z,"2012-01-17 15:57:53Z,2012-01-17 16:18:01Z,2012-01-17 16:15:58Z",,https://stackoverflow.com/questions/8897642/submitting-from-jquery-to-php,"8897642,8897701,8898004,8897978"
2012-05-24 15:26:18Z,"2012-05-24 15:26:18Z,2012-05-25 15:13:23Z",,https://stackoverflow.com/questions/10740479/two-way-c-to-c-sharp-communication-using-named-pipes,"10740479,10740539,10756979"
2015-06-06 08:42:04Z,"2015-06-06 08:42:04Z,2018-12-13 06:44:54Z,2015-06-06 08:33:07Z,2015-06-06 08:48:06Z",,https://stackoverflow.com/questions/30680562/send-form-data-with-jquery-ajax-json,"30680562,30680773,53756347,30680699,69687003,30680817"
2010-06-26 20:16:15Z,"2010-06-26 20:16:15Z,2010-06-26 18:10:35Z,2010-06-26 16:43:56Z,2010-06-26 16:44:30Z",,https://stackoverflow.com/questions/3124636/detect-ajax-calling-url,"3124636,3125365,3124985,3124652,3124656"
2016-06-07 21:59:51Z,"2016-06-07 21:59:51Z,2016-06-07 22:49:26Z,2017-10-05 05:38:20Z",,https://stackoverflow.com/questions/37690068/laravel-refresh-data-after-ajax,"37690068,37690131,37690655,46578550"
2015-05-03 09:45:57Z,"2015-05-03 09:45:57Z,2015-05-03 09:37:12Z,2015-05-03 10:21:09Z,2018-08-10 10:47:20Z,2019-01-24 15:45:02Z,2021-09-15 10:40:07Z",,https://stackoverflow.com/questions/30011998/asp-net-500-internal-server-error-while-calling-webmethod-from-javascript,"30011998,30012409,30012333,30012699,51784809,54350433,69191529"
2013-05-22 12:35:08Z,"2013-05-22 12:35:08Z,2013-05-08 06:15:45Z,2013-05-08 06:22:37Z",,https://stackoverflow.com/questions/16433794/get-ajax-post-data-on-php-via-javascript-call,"16433794,16691947,16433884,16433982,16733632"
2016-08-16 09:37:42Z,2016-08-16 09:37:42Z,,https://stackoverflow.com/questions/38898776/add-access-control-allow-origin-on-http-listener-in-c-rest-sdk,"38898776,38971427"
2013-10-03 09:17:25Z,"2013-10-03 09:17:25Z,2013-10-03 09:19:52Z,2013-10-03 09:25:31Z,2013-10-03 09:16:26Z,2014-02-13 21:07:56Z",,https://stackoverflow.com/questions/19155192/jquery-ajax-call-to-php-script-with-json-return,"19155192,19155336,19155385,19155496,19155313,21765511"
2012-07-19 23:35:03Z,2012-07-19 23:35:03Z,,https://stackoverflow.com/questions/11570713/how-to-receive-json-object-in-php,"11570713,11570834"
2010-09-24 19:38:59Z,"2010-09-24 19:38:59Z,2016-10-10 10:25:32Z,2019-06-12 13:43:26Z",,https://stackoverflow.com/questions/3789881/create-and-call-python-function-from-string-via-c-api,"3789881,3790401,39956161,56563704"
2012-06-21 13:13:15Z,"2012-06-21 13:13:15Z,2012-06-21 13:14:36Z,2012-06-21 13:13:36Z,2017-09-28 13:16:37Z,2012-06-21 13:23:51Z,2021-11-08 13:40:21Z",,https://stackoverflow.com/questions/11138929/calling-c-functions-inside-javascript,"11138929,11138978,11139007,11138980,46470160,11139180,69884436"
2017-02-28 11:27:17Z,"2011-02-24 16:49:11Z,2017-02-28 11:27:17Z,2012-09-25 18:14:21Z,2011-02-24 16:49:59Z",,https://stackoverflow.com/questions/5107694/how-do-i-add-a-reference-to-an-unmanaged-c-project-called-by-a-c-sharp-project,"5107694,5107759,42507529,12588773,5107770"
2009-06-01 16:56:26Z,"2009-06-01 16:56:26Z,2009-06-01 16:55:32Z,2009-06-01 16:50:38Z,2009-06-01 16:54:20Z,2009-06-01 16:49:10Z,2009-06-01 16:51:54Z,2010-11-25 19:39:00Z",,https://stackoverflow.com/questions/935664/possible-to-call-c-code-from-c,"935664,935713,935708,935686,935702,935677,935692,4280372"
2013-05-20 15:36:20Z,"2013-05-20 10:52:41Z,2013-05-20 15:36:20Z,2015-08-28 06:44:22Z,2013-05-20 10:44:23Z",,https://stackoverflow.com/questions/16647186/calling-c-functions-in-python,"16647186,16647916,16653053,32264868,16647791"
2019-06-05 20:16:57Z,2019-06-05 20:16:57Z,,https://stackoverflow.com/questions/56466822/can-c-be-called-from-c-sharp-compiled-to-wasm,"56466822,56467404"
2010-03-28 12:45:27Z,"2010-03-28 12:45:27Z,2016-01-21 16:06:44Z",,https://stackoverflow.com/questions/2532907/combining-c-and-c-sharp,"2532907,2532974,2532917,34928604"
2013-04-05 08:32:53Z,"2013-04-05 08:32:53Z,2013-04-05 08:27:20Z",,https://stackoverflow.com/questions/15822788/how-to-call-a-c-api-from-c-sharp,"15822788,15829305,15829201"
2010-02-06 03:55:22Z,"2010-02-06 03:55:22Z,2010-02-06 09:16:18Z,2010-02-06 03:24:29Z,2010-02-06 03:30:05Z",,https://stackoverflow.com/questions/2211867/how-do-i-call-c-cli-from-c,"2211867,2211959,2212632,2211885,2211902"
2012-10-05 09:05:29Z,"2012-10-05 09:05:29Z,2016-08-10 16:31:57Z,2018-03-04 16:26:02Z,2018-02-16 13:05:25Z,2018-05-11 12:50:16Z,2019-02-21 17:57:05Z",,https://stackoverflow.com/questions/12738827/how-can-i-call-scikit-learn-classifiers-from-java,"12738827,12743013,38878984,49097559,48827451,50292755,54813386"
2019-03-29 15:03:11Z,"2019-03-29 15:03:11Z,2015-09-01 03:51:18Z,2018-12-27 12:50:16Z",,https://stackoverflow.com/questions/29165155/calling-javascript-from-c-with-node-js,"29165155,55420276,32323249,53945395"
2011-12-22 14:44:18Z,"2011-12-22 14:44:18Z,2014-10-04 21:46:48Z,2015-04-30 19:28:01Z,2011-12-22 05:05:45Z,2011-12-22 05:23:43Z,2011-12-22 05:03:42Z,2011-12-22 06:42:50Z,2020-06-05 12:57:44Z,2011-12-23 00:16:49Z,2018-11-13 08:53:01Z,2016-04-26 08:46:50Z",,https://stackoverflow.com/questions/8599595/send-json-data-from-javascript-to-php,"8599595,8605464,26197508,29976173,8599646,8599741,8599633,8600273,62215896,8611138,53277114,36859778"
2010-06-30 02:08:31Z,"2011-05-24 07:59:37Z,2010-06-30 02:08:31Z,2017-01-25 17:19:40Z,2010-06-30 02:29:48Z,2010-06-30 02:14:27Z",,https://stackoverflow.com/questions/3146017/how-do-i-share-a-constant-between-c-sharp-and-c-code,"3146017,6107373,3146035,41857731,3146108,3146051"
2011-05-11 14:50:33Z,"2011-05-11 14:50:33Z,2011-05-11 14:14:05Z,2014-06-19 04:51:49Z,2011-05-11 14:53:51Z",,https://stackoverflow.com/questions/5965655/communication-between-php-and-python,"5965655,5966240,5965679,24299006,5966297"
2016-02-17 16:58:24Z,"2016-02-17 16:58:24Z,2016-02-17 16:46:45Z",,https://stackoverflow.com/questions/35462175/call-python-function-from-c-sharp-net,"35462175,35463002,35462733"
2011-04-05 09:08:31Z,"2011-04-05 09:08:31Z,2011-04-05 09:11:05Z,2011-04-05 09:16:05Z,2016-10-19 08:48:57Z,2011-04-05 09:09:26Z,2011-04-05 09:09:31Z,2011-04-05 09:10:32Z,2020-07-01 03:52:08Z",,https://stackoverflow.com/questions/5549562/running-php-script-php-function-in-linux-bash,"5549562,5549588,5549620,5549671,40126436,5549598,5549601,5549613,62669415"
2011-12-26 21:18:54Z,"2011-12-26 21:18:54Z,2011-12-26 20:43:59Z,2017-01-22 05:31:32Z,2011-12-26 20:48:16Z,2011-12-26 20:50:37Z,2013-09-05 08:30:28Z,2011-12-26 20:47:24Z",,https://stackoverflow.com/questions/8638984/send-post-data-to-php-without-using-an-html-form,"8638984,8639173,8638992,41787692,8639022,8639035,18631414,8639018"
2012-11-05 22:36:01Z,"2012-11-05 22:36:01Z,2013-01-04 13:07:08Z,2012-11-05 12:18:10Z",,https://stackoverflow.com/questions/13231913/how-do-i-call-a-specific-method-from-a-python-script-in-c,"13231913,13241517,14157774,13231971"
2015-09-27 02:57:48Z,"2015-09-27 02:57:48Z,2015-09-27 11:46:21Z",,https://stackoverflow.com/questions/32804020/create-a-shell-script-to-run-a-java-program-on-linux,"32804020,32804126,32807554"
2014-05-30 14:24:55Z,2014-05-30 14:24:55Z,,https://stackoverflow.com/questions/23949395/how-to-pass-a-javascript-array-to-a-python-script-using-flask-using-flask-examp,"23949395,23956933"
2013-01-06 18:11:45Z,"2013-01-06 18:04:34Z,2013-01-06 18:12:54Z,2013-01-06 18:05:54Z,2013-01-06 18:11:45Z",,https://stackoverflow.com/questions/14184993/communication-between-c-and-c-sharp-application-through-network,"14184993,14185076,14185169,14185096,14185156"
2011-07-08 04:33:11Z,"2011-07-08 04:33:11Z,2011-07-08 04:38:55Z,2012-06-01 10:15:02Z",,https://stackoverflow.com/questions/6619931/how-should-an-array-be-passed-to-a-javascript-function-from-c,"6619931,6620011,6620041,10848401,6620090"
2016-01-30 11:04:08Z,"2012-07-31 14:54:56Z,2012-07-31 14:35:58Z,2016-01-30 11:04:08Z,2019-05-04 05:15:48Z,2020-09-04 11:16:33Z",,https://stackoverflow.com/questions/11741574/how-to-print-utf-8-encoded-text-to-the-console-in-python-3,"11741574,11742928,11742574,35100990,55979679,63740121"
2012-03-08 19:31:45Z,"2012-03-08 19:31:45Z,2012-03-08 19:30:47Z,2012-03-08 19:35:03Z,2012-03-08 19:30:28Z,2012-03-08 19:33:00Z",,https://stackoverflow.com/questions/9623593/pass-javascript-variable-to-php-code,"9623593,9623641,9623629,9623692,9623627,9623664"
2016-07-30 21:28:57Z,"2016-07-30 21:28:57Z,2016-08-06 01:13:16Z,2016-07-30 21:13:03Z,2016-08-09 09:16:49Z",,https://stackoverflow.com/questions/38678239/execute-google-chart-api-javascript-in-php-file,"38678239,38678667,38799673,38678548,38846683"
2014-11-11 05:52:06Z,2014-11-11 05:52:06Z,,https://stackoverflow.com/questions/26855631/javascript-to-django-views-py,"26855631,26858442"
2016-04-26 06:02:52Z,"2016-04-26 06:02:52Z,2016-04-26 06:06:08Z",,https://stackoverflow.com/questions/36853411/using-javascript-to-call-c-in-internet-explorer,"36853411,36856437,36856486"
2017-10-23 10:20:37Z,2017-10-23 10:20:37Z,,https://stackoverflow.com/questions/46750959/how-to-write-event-handlers-and-detect-certain-javascript-calls-using-htmlunit,"46750959,46887014"
2014-05-12 14:22:41Z,"2014-05-12 18:29:04Z,2014-05-12 14:22:41Z",,https://stackoverflow.com/questions/23611396/python-execute-cat-subprocess-in-parallel,"23611396,23616229,23611599"
2015-08-04 23:48:39Z,"2014-05-20 03:49:38Z,2015-08-04 23:48:39Z,2014-05-20 03:50:07Z",,https://stackoverflow.com/questions/23750661/send-json-object-from-javascript-to-php,"23750661,23750707,31821206,23750712"
2018-03-02 14:10:11Z,2018-03-02 14:10:11Z,,https://stackoverflow.com/questions/49070403/how-to-retrieve-variables-in-php-sent-by-axios-post-request,"49070403,49070841"
2016-01-04 13:08:16Z,"2016-01-04 13:08:16Z,2016-01-04 13:06:30Z,2016-01-04 13:19:01Z,2016-01-04 13:41:10Z,2017-07-11 08:39:57Z,2020-06-12 06:52:06Z",,https://stackoverflow.com/questions/34591729/how-to-execute-code-in-the-django-shell-by-an-external-python-script,"34591729,34591919,34591895,34592114,34592499,45029493,62338999"
2014-08-19 12:49:36Z,"2014-08-19 12:49:36Z,2016-01-18 06:59:50Z",,https://stackoverflow.com/questions/25383624/communication-between-c-and-python,"25383624,25383876,34848899"
2015-02-03 01:14:25Z,2015-02-03 01:14:25Z,,https://stackoverflow.com/questions/28289699/python-web-scraping-for-javascript-generated-content,"28289699,28289762"
2012-01-07 06:51:05Z,"2012-01-07 06:51:05Z,2011-12-27 11:52:14Z,2012-01-03 13:53:21Z,2012-01-06 11:51:08Z,2012-01-08 21:06:03Z,2012-01-09 07:06:37Z,2012-01-09 19:42:57Z,2012-01-10 09:15:12Z",,https://stackoverflow.com/questions/8644289/adding-values-from-c-sharp-to-div-via-javascript,"8644289,8767976,8644307,8713298,8757398,8781328,8784955,8794172,8800837"
2016-03-31 18:34:23Z,2016-03-31 18:34:23Z,,https://stackoverflow.com/questions/36340948/how-can-i-get-data-from-a-websocket-url,"36340948,36341091"
2014-04-28 08:16:04Z,"2014-04-22 12:48:46Z,2014-04-28 08:16:04Z,2014-04-21 16:43:48Z,2014-04-26 18:42:26Z",,https://stackoverflow.com/questions/23157685/send-data-to-a-generic-handler-that-accepts-json-data-using-c-sharp,"23157685,23220099,23335889,23201673,23315076"
2018-06-07 06:47:23Z,"2018-06-07 06:47:23Z,2018-06-07 06:40:17Z",,https://stackoverflow.com/questions/50731650/is-it-possible-to-run-webassembly-code-async,"50731650,50734613,50734506"
2012-08-06 20:04:41Z,2012-08-06 20:04:41Z,,https://stackoverflow.com/questions/11834078/how-to-convert-zval-to-vector-for-php-extension,"11834078,11835127"
2015-10-23 20:42:09Z,2015-10-23 20:42:09Z,,https://stackoverflow.com/questions/33310675/pass-file-into-function-from-python-ctypes,"33310675,33311066"
2014-03-29 16:59:03Z,"2014-03-29 16:59:03Z,2014-03-29 11:16:31Z,2014-03-30 13:53:15Z",,https://stackoverflow.com/questions/22730210/send-log-errors-to-a-file,"22730210,22733994,22730362,22744779"
2010-03-09 12:21:01Z,"2010-03-09 12:21:01Z,2010-03-09 12:01:00Z,2010-03-09 12:11:21Z,2021-04-09 12:13:07Z",,https://stackoverflow.com/questions/2408771/how-to-get-selected-value-from-dropdownlist-in-asp-net-using-javascript,"2408771,2408905,2408777,2408832,67020962"
2011-08-29 10:49:43Z,"2011-08-29 10:49:43Z,2017-10-12 21:51:50Z,2012-05-30 17:13:31Z,2013-07-19 09:57:00Z,2014-07-07 07:14:27Z,2016-05-12 08:10:46Z,2019-06-11 06:32:04Z",,https://stackoverflow.com/questions/7229027/how-to-get-data-to-javascript-from-php-using-json-encode,"7229027,7229104,46719429,10821039,17743234,24604896,37180959,56537783"
2011-10-07 18:59:04Z,"2011-10-07 18:59:04Z,2011-10-07 18:54:42Z,2011-10-07 18:56:05Z",,https://stackoverflow.com/questions/7691599/execute-python-script-with-function-from-command-line-linux,"7691599,7691690,7691654,7691667"
2010-09-22 22:39:13Z,"2010-09-22 22:39:13Z,2010-09-22 22:54:05Z,2010-09-22 23:35:17Z,2010-09-22 22:38:24Z",,https://stackoverflow.com/questions/3774108/python-vs-lua-for-embedded-scripting-text-processing-engine,"3774108,3774150,3774209,3774415,3774148"
2013-09-18 17:58:07Z,2013-09-18 17:58:07Z,,https://stackoverflow.com/questions/18879056/submit-button-that-calls-js-function-and-then-posts-to-mysql,"18879056,18879121"
2012-04-13 03:58:01Z,"2012-04-13 03:58:01Z,2016-11-09 00:21:58Z,2013-09-29 05:28:55Z,2018-07-12 06:53:30Z,2014-10-27 13:55:40Z,2015-06-22 07:08:28Z,2020-09-03 22:17:29Z,2020-10-26 03:45:17Z",,https://stackoverflow.com/questions/10134963/prevent-page-scrolling-after-postback-and-maintain-position,"10134963,10135041,40498604,19074763,51299031,26589166,30973900,63732376,64531262"
2014-07-15 19:04:49Z,2014-07-15 19:04:49Z,,https://stackoverflow.com/questions/24745355/spa-firebase-and-net-webapi-2-authentication,"24745355,24766157"
2012-10-03 21:37:57Z,2012-10-03 21:37:57Z,,https://stackoverflow.com/questions/12717084/creating-custom-php-syntax-parser,"12717084,12717283"
2015-06-17 19:23:50Z,2015-06-17 19:23:50Z,,https://stackoverflow.com/questions/30899484/python-flask-calling-functions-using-buttons,"30899484,30900608"
,,,https://stackoverflow.com/questions/1072920/user-friendly-framework-for-personal-website,"1072920,1074595,1074678,1784588,1073083,1073063,22913432,1073070,1073087"
2010-11-25 13:42:40Z,"2010-11-25 13:42:40Z,2010-11-25 10:58:57Z,2010-11-26 10:56:04Z,2010-11-26 02:37:09Z,2010-11-25 11:10:42Z",,https://stackoverflow.com/questions/4276205/do-i-need-node-js-in-python-like-i-would-with-php,"4276205,4277686,4276257,4284652,4282174,4276345"
2013-03-13 20:31:54Z,"2013-03-13 20:31:54Z,2015-08-06 00:07:22Z,2014-07-18 07:10:06Z",,https://stackoverflow.com/questions/15074566/open-source-alternative-to-addthis-addtoany-sharethis-etcfor-social-bookmarking,"15074566,15395877,31844778,24819170"
2011-04-10 07:49:19Z,"2011-04-10 07:49:19Z,2011-04-10 07:41:44Z,2011-04-10 07:51:17Z,2011-04-10 07:31:14Z,2011-04-10 07:32:14Z,2011-04-10 07:45:38Z,2012-07-28 06:32:16Z,2011-04-10 07:57:04Z",,https://stackoverflow.com/questions/5610333/how-to-query-database-using-javascript,"5610333,5610430,5610403,5610438,5610358,5610363,5610415,11698892,5610458"
2011-04-09 19:49:20Z,"2011-04-09 19:49:20Z,2012-04-11 09:17:15Z,2011-01-20 15:02:24Z",,https://stackoverflow.com/questions/4746249/get-user-timezone,"4746249,5607444,10103105,4748677"
2011-07-01 06:41:55Z,"2011-07-01 06:45:59Z,2011-07-01 06:41:55Z,2011-07-01 06:38:54Z,2011-07-01 06:44:01Z,2011-07-01 06:35:55Z,2011-07-01 06:48:03Z,2011-07-01 06:48:14Z",,https://stackoverflow.com/questions/6544416/php-vs-c-cgi-for-small-web-service,"6544416,6544534,6544507,6544472,6544523,6544445,6544447,6544557,6544561"
2012-01-15 01:00:07Z,"2012-01-15 01:00:07Z,2016-02-26 15:00:30Z,2013-07-19 15:15:53Z",,https://stackoverflow.com/questions/8866738/speed-of-php-vs-javascript,"8866738,8866762,35655026,17749640"
2014-02-28 03:56:36Z,"2014-02-28 03:56:36Z,2016-09-08 04:13:18Z,2014-02-28 05:20:05Z,2016-10-11 12:16:16Z",,https://stackoverflow.com/questions/22084698/how-to-export-source-content-within-div-to-text-html-file,"22084698,22085875,39382483,22086879,39977048"
2011-12-18 08:24:34Z,2011-12-18 08:24:34Z,,https://stackoverflow.com/questions/8546061/best-way-to-secure-javascript-front-end-rest-back-end-architecture-web-site,"8546061,8550599"
2010-05-05 14:32:47Z,"2010-05-05 14:32:47Z,2010-05-05 14:33:05Z,2010-05-05 15:45:13Z,2010-05-05 14:32:48Z",,https://stackoverflow.com/questions/2774074/best-practice-user-generated-html-cleaning,"2774074,2774131,2774134,2774724,2774132"
2015-05-07 19:15:27Z,"2015-05-01 18:15:35Z,2015-05-07 19:15:27Z",,https://stackoverflow.com/questions/29949338/encryption-between-desktop-app-and-server-c-sharp-to-php,"29949338,29992589,30109798"
2008-09-18 16:43:57Z,"2009-04-16 04:45:22Z,2009-04-17 13:04:14Z,2008-09-18 16:43:57Z,2011-05-06 21:25:54Z,2015-07-15 14:19:47Z,2008-09-18 16:09:13Z",,https://stackoverflow.com/questions/93911/how-can-you-run-javascript-using-rhino-for-java-in-a-sandbox,"93911,754792,760327,94318,5917181,31433030,93991"
