answers_reputation,answers_vote,link
"191,22613","7,4",https://stackoverflow.com/questions/50149603/could-wasm-be-used-to-check-integrity-of-a-js-method
"6677,1491,6560,475,739,3171,781,21,587","244,137,11,10,6,5,4,2,1",https://stackoverflow.com/questions/4377109/shell-script-execute-a-python-program-from-within-a-shell-script
641,1,https://stackoverflow.com/questions/38199051/boost-python-make-constructor-and-custodians-and-ward
"10640,80678,50695,8803","8,1,0,0",https://stackoverflow.com/questions/4167233/how-do-i-pass-arrays-from-java-to-c-using-swig
49047,10,https://stackoverflow.com/questions/11926340/how-to-pass-a-c-object-to-another-c-object-with-boost-python
"1534,108511,134,412,11878,714,383,3963,3997","141,26,10,10,3,2,1,0,0",https://stackoverflow.com/questions/33326699/passing-laravel-array-in-javascript
"67960,794,4716,3646,1970,73,23103,867,1316","229,41,15,11,8,6,6,5,1",https://stackoverflow.com/questions/15485354/angularjs-http-post-to-php-and-undefined
"1279,11079,565","9,1,1",https://stackoverflow.com/questions/21278915/getting-to-interactive-django-shell-in-pydev
"10975,169","8,1",https://stackoverflow.com/questions/14661249/java-jni-creating-a-swing-window-using-jni-from-c
"39438,137,757,71,21","53,4,3,3,2",https://stackoverflow.com/questions/21153805/convert-php-associative-array-into-javascript-object
11117,11,https://stackoverflow.com/questions/29745584/using-getdirectbufferaddress-from-jni
224646,6,https://stackoverflow.com/questions/44123252/detecting-c-types-limits-limits-h-in-python
"52082,8210,380678,10671,3668,719","7,2,2,0,0,0",https://stackoverflow.com/questions/2566764/encode-compress-sequence-of-repeating-integers
"15116,506538","4,0",https://stackoverflow.com/questions/8654519/what-happens-if-i-call-a-java-function-from-multiple-threads-from-c-with-jni
"20164,108095,304335,4914","7,5,2,0",https://stackoverflow.com/questions/2462230/interacting-with-java-code-from-c-sharp
"1673,450","2,1",https://stackoverflow.com/questions/46420476/polymorphic-exception-handling-how-to-catch-subclass-exception
"13586,264","3,1",https://stackoverflow.com/questions/39193510/how-to-insert-arbitrary-json-in-htmls-script-tag
"18092,11821","6,3",https://stackoverflow.com/questions/2663429/what-is-the-best-way-to-identify-which-form-has-been-submitted
"114939,3573,10445,1040,563","5,3,0,0,0",https://stackoverflow.com/questions/58927296/adding-utf-8-support-to-js-php-script
12466,13,https://stackoverflow.com/questions/799076/returning-a-stdstring-from-a-c-dll-to-a-c-sharp-program-invalid-address-s
"115874,12709","15,1",https://stackoverflow.com/questions/39948485/how-can-i-convert-python-boolean-object-to-c-int-or-c-boolean-python-c-api
"13073,3314","24,4",https://stackoverflow.com/questions/29733594/thymeleaf-print-json-string-as-json-object-into-a-javascript-variable
"11438,117,734","3,2,0",https://stackoverflow.com/questions/44331769/how-to-post-a-tweet-using-codebird-php-from-pop-up-window
"137,1699","1,0",https://stackoverflow.com/questions/473029/how-can-i-get-the-full-backtrace-in-spidermonkey-jsapi-from-my-reporterror-fun
"19880,964,9372,21,66440,537,2389","53,11,7,2,1,0,0",https://stackoverflow.com/questions/4365738/how-to-access-php-session-variables-from-jquery-function-in-a-js-file
"26127,13893","2,0",https://stackoverflow.com/questions/4591461/marshalling-a-char-in-c-sharp
"1009,10078,19857,1763,15574,953","5,4,1,1,1,1",https://stackoverflow.com/questions/13242098/why-should-i-embed-a-scripting-language
"96265,53442","22,18",https://stackoverflow.com/questions/1309509/correct-way-to-marshal-size-t
4955,4,https://stackoverflow.com/questions/9696980/php-constant-inside-js-file
"53940,1954,25122,83","1,0,0,0",https://stackoverflow.com/questions/2357106/weird-mono-compilation-error
"12053,148461","11,2",https://stackoverflow.com/questions/2381241/what-is-the-subprocess-popen-max-length-of-the-args-parameter
"886524,1532,698,173","16,13,3,3",https://stackoverflow.com/questions/13289171/marshalasunmanagedtype-lpstr-how-does-this-convert-utf-8-strings-to-char
"8399,159637","3,2",https://stackoverflow.com/questions/6872482/how-to-write-javascript-in-the-code-behind-file
"34093,5917,366613,7421,9990,8224","12,3,1,1,1,0",https://stackoverflow.com/questions/808692/creating-an-interactive-shell-for-net-apps-and-embed-scripting-languages-like-p
"9551,70298,62575","6,3,2",https://stackoverflow.com/questions/213628/how-to-convert-a-c-string-char-array-into-a-python-string-when-there-are-non-a
886524,13,https://stackoverflow.com/questions/8241732/application-exits-no-exception-when-referencing-64bit-dll-from-c-sharp
15261,7,https://stackoverflow.com/questions/3456345/gwt-how-to-return-and-handle-an-error-from-multipart-form-file-upload
"12494,21","9,2",https://stackoverflow.com/questions/9993465/handling-session-timeout-on-client-side
"687259,16973","10,8",https://stackoverflow.com/questions/32028339/writing-a-long-from-java-in-a-file-and-reading-it-in-c
788456,1,https://stackoverflow.com/questions/2480565/directory-layout-for-a-python-project-with-c-extension-modules
"13559,886524,60140,140460","7,2,1,1",https://stackoverflow.com/questions/7057022/is-it-safe-to-keep-c-pointers-in-c
"6638,159808,5630,5514,302","6,2,1,1,1",https://stackoverflow.com/questions/5700186/meta-programming-into-several-output-languages
"35211,9854,3455,172,2669","6,6,3,3,0",https://stackoverflow.com/questions/16693178/c-vector-to-python-3-3
115041,5,https://stackoverflow.com/questions/14371758/can-a-python-function-taking-args-kwargs-be-called-from-c-or-another-language
"14879,19717,7714,828","22,7,3,1",https://stackoverflow.com/questions/8933263/how-do-i-wrap-a-c-class-with-cython
19756,2,https://stackoverflow.com/questions/33779063/nuget-package-with-a-dependency-on-visual-c-2013-runtime
"7551,81,11","5,2,1",https://stackoverflow.com/questions/31766219/export-constants-from-header-with-cython
"55965,689269,14631,8909","7,6,0,0",https://stackoverflow.com/questions/2087840/add-a-reference-from-a-c-sharp-app-to-a-dll-compiled-without-clr
"59154,151,21","17,15,0",https://stackoverflow.com/questions/30990129/encrypt-in-python-decrypt-in-javascript
"137207,102807,331802,131252,29871,713,19,38140","20,10,5,4,3,2,0,0",https://stackoverflow.com/questions/3628601/how-fast-is-client-side-javascript-versus-server-side-java
"20449,23403,23404,1430","13,7,5,1",https://stackoverflow.com/questions/32512444/use-jquery-to-post-data-to-mvc-action-method
"45066,720857","8,2",https://stackoverflow.com/questions/6111843/limitations-of-pytuple-setitem
"22629,8696","5,3",https://stackoverflow.com/questions/18155582/should-the-order-of-import-statements-matter-when-importing-a-so
"49047,71","10,7",https://stackoverflow.com/questions/20054822/exposing-c-interface-in-boost-python
"501,1533,59,7915,30144","12,3,1,0,6",https://stackoverflow.com/questions/5187242/encode-a-string-to-be-used-as-shell-argument
"4333,67","3,2",https://stackoverflow.com/questions/7446992/using-nltk-in-c-sharp-via-ironpython
"1333,80069,0,88","8,2,1,0",https://stackoverflow.com/questions/2874603/is-it-possible-to-embed-c-code-in-a-c-sharp-project
"474,3504,5729,292307,71966,267,703,1","32,11,5,0,0,0,0,0",https://stackoverflow.com/questions/2865289/php-redirection-with-post-parameters
28002,6,https://stackoverflow.com/questions/33813735/nginx-with-expires-on-javascript-files-dynamically-generated-by-php
"4122,366613,11043,1910","13,5,0,0",https://stackoverflow.com/questions/1953731/python-pytables-java-tying-all-together
109565,3,https://stackoverflow.com/questions/6407034/can-java-interact-with-system-v-linux-message-queues
"44097,3977,5262,5262,123","20,3,3,1,0",https://stackoverflow.com/questions/9444342/adding-a-javascript-script-tag-some-place-so-that-it-works-for-every-file-in-sph
141030,16,https://stackoverflow.com/questions/18679264/how-to-use-malloc-and-free-with-python-ctypes
"181222,10411,47383,87718,4693,71655","8,2,0,0,0,0",https://stackoverflow.com/questions/726410/serialize-in-c-then-deserialize-in-c
"7236,26012,76346,24673,13054,3036,9858,38842,7186,19459,40360,11","105,12,3,3,3,3,2,2,2,1,1,1",https://stackoverflow.com/questions/1153577/integrate-python-and-c
13355,20,https://stackoverflow.com/questions/29287311/how-to-append-datetime-value-to-formdata-and-receive-it-in-controller
"8470,1986","21,1",https://stackoverflow.com/questions/6751825/simplest-way-to-pass-float-to-c-via-jni
"36480,362375,21516,6393,2116,1094,3043,2447,709,12772","17,7,3,3,2,1,1,1,0,0",https://stackoverflow.com/questions/3121367/php-script-malicious-javascript-code-at-the-end
"14913,13539,18301,1244,110401,924,11,2753,2015,216","5,1,1,1,1,1,1,0,0,0",https://stackoverflow.com/questions/1496731/how-do-i-remove-unnecessary-resources-from-my-project
"2822,640,1308,4007","3,2,2,2",https://stackoverflow.com/questions/30551935/javascript-variable-and-smarty
"1298697,9562,499,93697","24,17,4,1",https://stackoverflow.com/questions/729562/how-to-compile-c-sharp-application-with-c-static-library
"25449,94","7,1",https://stackoverflow.com/questions/33677231/how-to-expose-a-function-returning-a-c-object-to-python-without-copying-the-ob
"35985,7958,339,787,33,243,1,2527","130,5,4,1,0,0,1,3",https://stackoverflow.com/questions/11430773/how-to-use-javascript-with-selenium-webdriver-java
"13063,1121,79,7898,876","6,5,4,1,1",https://stackoverflow.com/questions/21256679/how-to-include-jquery-in-a-wordpress-theme
"3693,35636,110724,115","6,6,2,0",https://stackoverflow.com/questions/2219982/getting-php-to-run-a-python-script
"494,7983","13,9",https://stackoverflow.com/questions/60892286/javascript-to-c-sharp-numeric-precision-loss
"3249,4637","3,0",https://stackoverflow.com/questions/2753056/jquery-get-only-passing-first-two-data-parameters-in-url
"55783,745713,215560","30,4,3",https://stackoverflow.com/questions/15449428/does-the-shell-in-shell-true-in-subprocess-means-bash
"118001,22753,1849","8,2,2",https://stackoverflow.com/questions/4541565/how-can-i-assert-from-python-c-code
"1671,68131,47814,7100,11498,370178,13473,5777,542,1876,475,29346","167,122,103,43,22,19,12,12,9,5,5,3",https://stackoverflow.com/questions/1942298/wrapping-a-c-library-in-python-c-cython-or-ctypes
"5997,4548","1,0",https://stackoverflow.com/questions/3529160/how-do-i-get-a-stdexception-error-description-when-calling-a-c-dll-from-c-sh
"1522,3928,89,425,214918,1610,1,1364","20,7,2,2,1,1,0,0",https://stackoverflow.com/questions/10073564/how-can-i-convert-python-dictionary-to-javascript-hash-table
"12000,3680","11,10",https://stackoverflow.com/questions/3632283/does-accesscontroller-doprivileged-give-javascript-threads-the-permissions-of-th
"6446,1166","6,3",https://stackoverflow.com/questions/49156/importing-javascript-in-jsp-tags
"1298697,7624,18532,109457,18158,37725,589458,3598,667,110117","37,20,19,6,6,4,3,3,3,2",https://stackoverflow.com/questions/1119696/java-python-integration
"28589,141030","9,6",https://stackoverflow.com/questions/8102244/swig-c-to-python-warning362-operator-ignored
"59277,110829,22753,1896,4132,11","4,3,3,3,1,1",https://stackoverflow.com/questions/10847370/tips-for-using-a-c-library-from-c-sharp
"241,21","8,0",https://stackoverflow.com/questions/10549872/why-cant-python-execute-java-exe-via-subprocess
"9040,8810","11,10",https://stackoverflow.com/questions/3544240/conditional-ctypedef-with-cython
"102591,5619,3582,11,628,10900","4,1,1,1,0,0",https://stackoverflow.com/questions/2179601/good-php-framework-for-fully-ajax-based-web-applications
"6928,1049,31,2023","1,0,0,2",https://stackoverflow.com/questions/2962038/how-to-remove-dangerous-charactersie-script-tags
"37469,12188","7,0",https://stackoverflow.com/questions/3074614/how-do-you-fight-against-all-these-ways-javascript-and-its-million-different-w
"11472,481,151,41","12,8,6,2",https://stackoverflow.com/questions/5882650/how-to-execute-a-shell-script-in-php
"6436,84400","6,1",https://stackoverflow.com/questions/2692873/quote-posix-shell-special-characters-in-python-output
"326620,56001,6488","22,4,0",https://stackoverflow.com/questions/18050937/how-can-i-execute-shell-command-with-a-pipe-in-it
"11402,11402,1172,4133,58165","4,4,1,0,0",https://stackoverflow.com/questions/5522063/serving-php-as-css-js-is-it-fast-enough-what-drawbacks-are-there
0,1,https://stackoverflow.com/questions/26904725/pylucene-error-with-icetea-jdk-jre
"52114,79","6,0",https://stackoverflow.com/questions/7919856/how-to-use-websockets-with-play-framework
"10966,351,4700,970,3307","11,1,0,0,0",https://stackoverflow.com/questions/419240/how-to-get-javascript-function-data-into-a-php-variable
"6058,2797,49451,1494,5326","2,2,2,1,1",https://stackoverflow.com/questions/3128709/adding-facebook-connect-to-a-codeigniter-website
"128221,1","15,0",https://stackoverflow.com/questions/3819071/asp-net-scriptservice-deserialization-problem-with-derived-types
141030,11,https://stackoverflow.com/questions/16218929/how-to-instantiate-a-template-method-of-a-template-class-with-swig
"33929,3835,114758","15,3,3",https://stackoverflow.com/questions/4354411/debugging-native-code-when-called-from-managed
"223,10874,7990,36","3,2,0,0",https://stackoverflow.com/questions/2356098/what-is-the-best-tool-for-performance-regression-testing
"7401,366613,615,49805,601,28852","15,9,7,1,1,1",https://stackoverflow.com/questions/438594/how-to-call-java-objects-and-functions-from-cpython
"43612,3699,424956,308","14,5,3,0",https://stackoverflow.com/questions/3259967/sending-displaying-a-base64-encoded-image
"26212,12614","5,0",https://stackoverflow.com/questions/7672792/calling-c-exe-functions-from-c-sharp
"954477,68871","2,2",https://stackoverflow.com/questions/18096415/convert-object-to-void-and-back
"34443,117732,6782,103","8,6,4,2",https://stackoverflow.com/questions/4011180/how-to-use-a-c-library-in-a-c-sharp-app
"40973,62575","11,0",https://stackoverflow.com/questions/210978/using-os-execvp-in-python
"48027,0,20123,7801,1331,9518","21,7,1,1,0,0",https://stackoverflow.com/questions/1199470/combine-javascript-files-at-deployment-in-python
"9995,6221,89344,13432,49913","28,9,5,4,4",https://stackoverflow.com/questions/23622923/is-it-acceptable-practice-to-unit-test-a-program-in-a-different-language
"506,1688,1098","2,2,1",https://stackoverflow.com/questions/57172870/how-to-use-a-different-c-compiler-in-cython
97552,25,https://stackoverflow.com/questions/25882150/python-h-not-found-using-swig-and-anaconda-python
1028,3,https://stackoverflow.com/questions/41759122/how-to-use-googletest-for-testing-c-code-that-calls-into-java-on-android
3527,15,https://stackoverflow.com/questions/43621948/c-python-module-import-error-undefined-symbol-py-initmodule3-py-initmodu
801,3,https://stackoverflow.com/questions/29006439/boost-python-multiple-modules-in-one-shared-object
1211,3,https://stackoverflow.com/questions/49866263/how-are-symbols-contained-in-the-libpythonx-x-linked-to-numpy-extension-dynamic
"313,61803","8,3",https://stackoverflow.com/questions/4259170/python-setup-script-extensions-how-do-you-include-a-h-file
"519,7545,66","0,0,0",https://stackoverflow.com/questions/16520052/how-to-generate-64-bit-dll-which-gcc-compiler-or-other-cant-load-ia-32-bit-d
3674,1,https://stackoverflow.com/questions/66498069/what-is-the-most-conventional-way-to-integrate-c-code-into-a-python-library-usin
25449,12,https://stackoverflow.com/questions/42763186/how-to-release-the-gil-in-cython-for-a-multithreaded-c-class
"1481,751,6196,51,21","90,49,23,5,2",https://stackoverflow.com/questions/2941960/a-call-to-pinvoke-function-has-unbalanced-the-stack
30614,6,https://stackoverflow.com/questions/30455178/numpy-ctypes-dynamic-module-does-not-define-init-function-error-if-not-recompi
"24390,11,519","10,1,2",https://stackoverflow.com/questions/6887338/wrapper-is-disabled-in-the-server-configuration-by-allow-url-include-0
"39737,1","1,0",https://stackoverflow.com/questions/50261675/url-redirect-not-loading-resources-from-correct-relative-source
,,https://stackoverflow.com/questions/52021010/pre-compiling-php-files
686,15,https://stackoverflow.com/questions/39649807/how-to-setup-qwebchannel-js-api-for-use-in-a-qwebengineview
121429,9,https://stackoverflow.com/questions/36530637/embedding-python-in-c-error-in-linking-undefined-reference-to-pystring-asstri
"5924,4420,126,176","8,5,2,2",https://stackoverflow.com/questions/7195959/hello-world-with-boost-python-and-python-3-2
"14719,712","18,1",https://stackoverflow.com/questions/20904131/how-to-calculate-code-coverage-of-selenium-tests-with-respect-to-web-application
"96405,198,151,12103","18,3,1,0",https://stackoverflow.com/questions/19100085/javascript-runtime-error-unable-to-get-property-msie-of-undefined-or-null-ref
"3097,1776","6,0",https://stackoverflow.com/questions/6336094/jquery-autocomplete-in-background-of-input-text-box
886524,5,https://stackoverflow.com/questions/50674904/firing-events-in-c-and-handling-them-in-c-sharp
5359,25,https://stackoverflow.com/questions/11643666/python-importerror-undefined-symbol-for-custom-c-module
"141,60183,2284,362375,845,43,11,35,471","14,13,7,3,1,1,1,0,0",https://stackoverflow.com/questions/5051059/codeigniter-and-javascript-jquery-library
4655,16,https://stackoverflow.com/questions/32440486/what-does-a-blue-dot-beneath-the-visual-studio-breakpoint-mean
18796,9,https://stackoverflow.com/questions/35716417/show-previously-uploaded-images-in-fine-uploader
"6446,10402,146","6,0,0",https://stackoverflow.com/questions/28607708/event-source-server-returns-event-stream-in-bulk-rather-then-returning-in-chu
867,0,https://stackoverflow.com/questions/34823870/ghostdriver-1-2-1-phantomjs-2-0-latest-selenium-cant-find-variable-error-in
3219,2,https://stackoverflow.com/questions/24621889/minimal-example-of-wrapping-c-code-with-cython-passing-int-and-struct
5019,9,https://stackoverflow.com/questions/11114277/execute-perl-in-php
"46690,38562","4,1",https://stackoverflow.com/questions/33293538/compiling-c-from-php-with-exec-error-trying-to-exec-cc1
"14870,166834","9,5",https://stackoverflow.com/questions/49953785/which-options-do-exist-for-defining-a-python-package-with-node-js-dependencies
"31293,385,597,705,2356","35,25,6,2,0",https://stackoverflow.com/questions/40826295/react-routing-and-django-url-conflict
"23190,91400,20085,13003,3211,3211,32546,20506,2443,215363,89","2,1,0,0,0,0,0,0,0,0,0",https://stackoverflow.com/questions/7067512/jquery-cannot-change-a-value-where-js-can-because-the-library-is-out-of-date
"687259,159540,495534","3,2,2",https://stackoverflow.com/questions/19428747/java-equivalent-of-c-copy-assignment-operator
"214,25684,1140","3,1,1",https://stackoverflow.com/questions/22846186/paypal-redirects-to-the-same-popup-window
109613,32,https://stackoverflow.com/questions/49793560/build-c-plugin-for-unity
"2423,3402","12,4",https://stackoverflow.com/questions/13845475/mpdf-ignoring-javascript
46569,45,https://stackoverflow.com/questions/30686266/how-to-include-csrf-token-in-an-external-js-file-in-laravel
3762,10,https://stackoverflow.com/questions/5182857/can-i-use-fabric-to-perform-interactive-shell-commands
"5503,35572,17037","3,1,0",https://stackoverflow.com/questions/10916952/in-visual-studio-c-is-there-a-way-to-apply-web-config-transforms-to-javascript
150,7,https://stackoverflow.com/questions/30603810/authenticate-firebase-firechat-with-wordpress-user-or-database
"765,397,397","3,2,0",https://stackoverflow.com/questions/911034/how-to-debug-jni-c-library
"7498,754,91","34,2,0",https://stackoverflow.com/questions/9940381/how-to-generate-jni-header-file-in-eclipse
0,3,https://stackoverflow.com/questions/39059853/nodejs-alternative-to-php-includes
"625,109","6,3",https://stackoverflow.com/questions/47635408/cythonizing-fails-because-of-unknown-type-name-uint64-t
"391,1630","3,0",https://stackoverflow.com/questions/40360372/cant-import-numpy-from-c
"71801,18973,1226","5,1,1",https://stackoverflow.com/questions/2885822/which-logging-library-to-use-for-cross-language-java-c-python-system
"1052,0,5831","23,10,0",https://stackoverflow.com/questions/4421832/compiling-python-to-c-using-cython
841,5,https://stackoverflow.com/questions/40674654/can-not-add-data-attributes-in-script-tag-in-prestashop-1-6
"3015,5272,10742,11","15,10,1,1",https://stackoverflow.com/questions/7598431/adding-jquery-to-magento
,,https://stackoverflow.com/questions/41262490/qnetwork-error-when-use-qt-lib-with-native-jni-android-application
"25383,111","13,11",https://stackoverflow.com/questions/26194684/how-to-disable-python-shell-spawning-less-with-help
38949,11,https://stackoverflow.com/questions/30983220/ctypes-error-attributeerror-symbol-not-found-os-x-10-7-5
"12963,547","13,4",https://stackoverflow.com/questions/10561212/parsing-namespaces-with-clang-ast-differences-in-when-including-a-header-in-ano
515,0,https://stackoverflow.com/questions/36160451/how-can-a-c-cli-project-reference-a-portable-class-library
"36,1128","2,1",https://stackoverflow.com/questions/148071/problem-using-large-binary-segment-in-ooxml
2020,0,https://stackoverflow.com/questions/25303766/creating-custom-function-in-sqlite3-in-android
750,5,https://stackoverflow.com/questions/18861818/cmake-conditionally-generate-protobuf-pb-hcpp-files-when-proto-files-ch
"921,55","5,1",https://stackoverflow.com/questions/28296252/ajax-not-post-base64-data-of-large-image
"1112,2463,51,17718,1384,111,619,0,4914,51","11,10,4,2,2,1,1,0,0,1",https://stackoverflow.com/questions/8525193/how-to-install-jpype-on-os-x-lion-to-use-with-neo4j
"425,49047","6,2",https://stackoverflow.com/questions/19865757/importerror-usr-lib-libboost-python-so-1-54-0-undefined-symbol-pyclass-type
8536,3,https://stackoverflow.com/questions/43942476/load-custom-ner-model-stanford-corenlp
507933,6,https://stackoverflow.com/questions/8295645/cython-vector-operations
1349,16,https://stackoverflow.com/questions/53762552/with-pybind11-how-to-split-my-code-into-multiple-modules-files
1584,0,https://stackoverflow.com/questions/35321671/compiling-c-code-that-uses-both-r-and-numpy-on-linux
8330,5,https://stackoverflow.com/questions/4058423/how-can-i-serve-a-dynamic-javascript-file-from-wicket
141030,0,https://stackoverflow.com/questions/11355110/debugging-python-ctypes-segmentation-fault
"4931,46642,7299,30856,2872,426","30,5,4,2,2,1",https://stackoverflow.com/questions/3400381/calling-a-python-script-from-command-line-without-typing-python-first
"30670,6054,3167,28435,9321,43","88,22,4,4,0,3",https://stackoverflow.com/questions/126781/c-union-in-c-sharp
"16127,2285,119257,3674,1845,1202","124,33,18,3,1,1",https://stackoverflow.com/questions/15321431/how-to-pass-a-list-from-python-by-jinja2-to-javascript
"7396,9854","9,4",https://stackoverflow.com/questions/14341549/passing-a-set-of-numpy-arrays-into-c-function-for-input-and-output
"5473,13242,1976,9663","9,4,2,1",https://stackoverflow.com/questions/5664737/calling-c-dll-from-c-sharp
"19470,730,3038,9821,1786,735,359,937,37523","55,35,18,15,4,4,1,1,0",https://stackoverflow.com/questions/18470702/how-do-i-convert-a-c-sharp-liststring-to-a-javascript-array
5824,11,https://stackoverflow.com/questions/54899367/send-numpy-array-as-bytes-from-python-to-js-through-flask
383,0,https://stackoverflow.com/questions/62208433/trouble-passing-a-c-sharp-string-from-userland-to-kernelmode-c-and-using-it-to-f
"153120,71560,740,177,47","12,5,2,0,0",https://stackoverflow.com/questions/4619996/how-to-run-ruby-python-scripts-from-inside-php-passing-and-receiving-parameters
"63122,8014,71,41,2105,350,313,4844,14589,14589","56,14,7,4,1,1,0,1,1,3",https://stackoverflow.com/questions/1224793/javascript-serialization-of-datetime-in-asp-net-is-not-giving-a-javascript-date
1858,8,https://stackoverflow.com/questions/28068305/converting-a-symfony2-php-entity-object-for-use-within-javascript
8062,8,https://stackoverflow.com/questions/6270245/return-c-object-to-java
"2974,7586","6,2",https://stackoverflow.com/questions/43363710/json-net-is-throwing-additional-text-found-in-json-string-after-finishing-deser
"459,11027,419,2801","22,16,2,1",https://stackoverflow.com/questions/30165475/how-to-compress-minimize-size-of-json-jsonify-with-flask-in-python
"158120,1475","8,1",https://stackoverflow.com/questions/33291631/is-there-a-simple-way-to-get-rid-of-junk-values-that-come-when-you-ssh-using-pyt
"1465,141030","15,7",https://stackoverflow.com/questions/8875185/casting-into-a-python-string-from-a-char-returned-by-a-dll
"274175,64265","4,3",https://stackoverflow.com/questions/41323746/use-python-regex-to-parse-string-of-floats-output-by-java-arrays-deeptostring
"3829,210077","18,4",https://stackoverflow.com/questions/21890805/encrypt-aes-with-c-sharp-to-match-java-encryption
12742,14,https://stackoverflow.com/questions/20676831/how-to-compress-json-in-java-and-decompression-in-javascript
351,1,https://stackoverflow.com/questions/40643196/php-password-verify-vs-python-bcrypt-hashpw
"53490,601","0,0",https://stackoverflow.com/questions/30005700/convert-stdstring-to-ndk-jstring
"2266,431,406","30,5,2",https://stackoverflow.com/questions/12558996/jquery-knob-display-number-change
"8890,2138,45823","4,3,2",https://stackoverflow.com/questions/50439315/encryption-and-decryption-between-java-and-javascript-wont-work
"12935,1795,605","8,2,0",https://stackoverflow.com/questions/28383478/most-efficient-way-to-fix-an-invalid-json
"198,2559,31178","15,12,1",https://stackoverflow.com/questions/11568232/javascript-readable-json-from-python
919,20,https://stackoverflow.com/questions/53340627/typeerror-expected-bytes-like-object-not-str
10704,6,https://stackoverflow.com/questions/45992396/jsonobj-data-not-being-passed-via-ajax-and-post-on-ie11-only
"34260,120","11,2",https://stackoverflow.com/questions/24164951/2f-instead-of-slash-in-url
"25001,71966,186,157","12,5,1,1",https://stackoverflow.com/questions/1662769/rsa-encryption-java-to-php
"12690,31580,23719,5107,178111","7,6,1,1,0",https://stackoverflow.com/questions/4086817/l-prefix-for-strings-in-c
"372213,4263","8,0",https://stackoverflow.com/questions/10515886/converting-jdouble-to-double-of-type-c
"11382,17822","3,2",https://stackoverflow.com/questions/7045764/scraping-javascript-variables-to-php
"1730,112858,384,12997,4945,659","15,14,1,0,0,0",https://stackoverflow.com/questions/8911075/javascript-and-java-date-json-serialization
"191,31254,21","13,2,1",https://stackoverflow.com/questions/38243721/return-json-object-from-php-script
"3886,632","19,5",https://stackoverflow.com/questions/11873878/c-sharp-encryption-to-php-decryption
"88917,567,1","15,3,0",https://stackoverflow.com/questions/1377278/passing-json-encoded-variable-from-php-to-javascript-via-post
"3274,3783,820634,16880,75027","5,4,3,1,1",https://stackoverflow.com/questions/2562648/json-limitation
"19552,1178","9,0",https://stackoverflow.com/questions/39244589/serializing-image-stream-using-protobuf
3043,9,https://stackoverflow.com/questions/14036004/how-to-convert-jobject-to-jstring
632,9,https://stackoverflow.com/questions/17124712/jni-android-converting-char-to-byte-array-and-return-it-to-java
"623,12484","12,6",https://stackoverflow.com/questions/7559676/how-to-correctly-deserialize-a-json-string-into-the-class-that-contains-a-nested
"1518,2608,3211","3,1,0",https://stackoverflow.com/questions/6236786/customize-jquery-autocomplete-result
"257273,6018,13522","31,2,0",https://stackoverflow.com/questions/6536826/dealing-with-commas-in-csv
853,8,https://stackoverflow.com/questions/43196260/cakephp-how-to-call-javascript-function-in-link
"492,243","3,1",https://stackoverflow.com/questions/11952365/accessing-an-array-of-pointers-within-a-structure-from-java-with-swig
9309,33,https://stackoverflow.com/questions/16062824/convert-object-of-class-stdclass-to-json-object
"54,11289,13547,11","2,0,0,0",https://stackoverflow.com/questions/3838921/how-to-pass-byte-arrays-between-java-and-javascript
"89643,988","12,2",https://stackoverflow.com/questions/3260259/output-jstl-escaped
"5214,51,404","8,2,0",https://stackoverflow.com/questions/26983005/importing-python-flask-json-dictionary-into-javascript-error
"92976,1504","10,1",https://stackoverflow.com/questions/3431950/rijndael-256-encrypt-decrypt-between-c-sharp-and-php
"451,56","21,2",https://stackoverflow.com/questions/46093210/c-sharp-version-of-the-javascript-function-btoa
"1502,258609,123,2945,1","69,2,2,1,0",https://stackoverflow.com/questions/22978025/jackson-json-how-to-convert-array-to-jsonnode-and-objectnode
59154,5,https://stackoverflow.com/questions/29760761/aes-256-on-the-client-side-js-and-in-the-server-php
"28416,11","11,0",https://stackoverflow.com/questions/4080344/decompress-string-in-c-sharp-which-were-compressed-by-phps-gzcompress
"4233,673,21","12,3,2",https://stackoverflow.com/questions/38916788/accessing-laravel-relations-in-javascript-code
"513,3219,9150","18,1,0",https://stackoverflow.com/questions/28573479/cython-python-c-inheritance-passing-derived-class-as-argument-to-function-e
3436,12,https://stackoverflow.com/questions/45658004/how-to-send-audio-blob-from-javascript-to-java-spring-server
893,9,https://stackoverflow.com/questions/5058688/cant-post-large-html5-canvas-to-server
"268,418995","3,1",https://stackoverflow.com/questions/35752909/bash-script-printf-colors-from-variable
"5370,833,482,136","1,1,1,0",https://stackoverflow.com/questions/16359953/why-does-my-unicode-string-get-corrupted-when-passed-from-java-applet-to-java-s
157845,3,https://stackoverflow.com/questions/34921078/how-to-convert-indic-characters-to-unicode-escaped-characters
40039,21,https://stackoverflow.com/questions/3776485/marshal-c-int-array-to-c-sharp
"8312,0,2947,3654,61,21,46387,39416","31,10,7,7,6,2,2,1",https://stackoverflow.com/questions/967443/python-module-to-shellquote-unshellquote
"70194,64603,55267,21044","25,14,4,4",https://stackoverflow.com/questions/5719471/md5-hash-discrepancy-between-python-and-php
"40152,3961,19464,11295,18877","126,8,3,3,1",https://stackoverflow.com/questions/9001526/send-array-with-ajax-to-php-script
"116,383,843","10,6,3",https://stackoverflow.com/questions/28749209/do-cython-extension-types-support-class-attributes
"14317,44578,415","3,3,1",https://stackoverflow.com/questions/35731305/do-json-libraries-agree-on-whats-the-double-precision-value-of-5000-1
"9068,15938,263,754","11,6,3,1",https://stackoverflow.com/questions/1406917/compressing-with-java-decompressing-with-php
"16271,707,1362,136,30556,32195","12,4,4,2,2,2",https://stackoverflow.com/questions/30112285/create-dynamic-json-from-foreach
"14153,71475","7,4",https://stackoverflow.com/questions/58250341/what-happens-if-undefined-c-behaviour-meets-c-defined-behaviour
4943,8,https://stackoverflow.com/questions/60333494/this-paymentmethod-was-previously-used-without-being-attached-to-a-customer-or-w
619,9,https://stackoverflow.com/questions/54876346/pybind11-and-stdvector-how-to-free-data-using-capsules
"338,95","9,6",https://stackoverflow.com/questions/60032983/record-voice-with-recorder-js-and-upload-it-to-python-flask-server-but-wav-file
"71,6662","5,0",https://stackoverflow.com/questions/22491921/how-to-use-a-python-list-to-assign-a-stdvector-in-c-using-swig
,,https://stackoverflow.com/questions/56756867/iactivescriptparse32parsescripttext-memory-leak
"4625,98767,31","19,3,3",https://stackoverflow.com/questions/19325761/python-executing-shell-script-with-argumentsvariable-but-argument-is-not-rea
4029,5,https://stackoverflow.com/questions/10903750/access-javascript-array-elements-from-c-sharp-via-webbrowser
"408,11140","7,6",https://stackoverflow.com/questions/50579572/export-a-variable-from-bash-and-use-it-in-python
"926583,99704","10,5",https://stackoverflow.com/questions/10801258/read-argument-with-spaces-in-python-script-from-a-shell-script
745713,11,https://stackoverflow.com/questions/9506437/python-subprocess-call-returns-command-not-found-terminal-executes-correctly
"579827,3087,141030,40039,1935,895,1010","8,5,1,0,0,0,0",https://stackoverflow.com/questions/6354358/c-dll-returned-string-is-corrupted-in-the-c-sharp-caller-why
"1340,15964,21","27,8,2",https://stackoverflow.com/questions/3730840/how-to-create-and-initialize-safearray-of-doubles-in-c-to-pass-to-c-sharp
"1,3907","1,0",https://stackoverflow.com/questions/8238328/how-to-know-whether-it-is-a-memory-leak-or-not-when-calling-native-code-in-java
"19696,59857","8,1",https://stackoverflow.com/questions/22105529/np-ascontiguousarray-versus-np-asarray-with-cython
"5456,978802,9236","18,16,3",https://stackoverflow.com/questions/9745139/building-relative-urls-for-an-mvc-app-with-javascript
969,3,https://stackoverflow.com/questions/33377764/error-using-callback-in-python
174,1,https://stackoverflow.com/questions/915790/memory-leak-using-jni-to-retrieve-strings-value-from-java-code
57193,4,https://stackoverflow.com/questions/18421111/how-to-expose-nullable-types-via-com
2792,9,https://stackoverflow.com/questions/33789011/bokeh-implementing-custom-javascript-in-an-image-plot
1305,9,https://stackoverflow.com/questions/32221090/org-springframework-web-bind-missingservletrequestparameterexception-required
206097,16,https://stackoverflow.com/questions/24139389/unable-to-find-out-what-return-code-of-11-means
"3496,23","1,0",https://stackoverflow.com/questions/34517668/zend-how-to-correctly-destruct-a-custom-object-in-php-7
1484,4,https://stackoverflow.com/questions/2032470/python-ctypes-callback-function-to-swig
"1,4965,18168","3,3,1",https://stackoverflow.com/questions/16517355/how-to-send-by-socket-c-compatible-struct-from-java
"531094,689269,2074,17188,427,169","13,7,1,1,1,0",https://stackoverflow.com/questions/1533916/how-to-set-up-a-c-function-so-that-it-can-be-used-by-p-invoke
"42053,41713,4945,360,28591","3,2,2,2,1",https://stackoverflow.com/questions/4324819/pass-data-between-java-and-c
2471,1,https://stackoverflow.com/questions/52090826/passing-opencv-mat-from-c-to-python
1017,7,https://stackoverflow.com/questions/10109700/embedding-matplotlib-in-c
"32061,10372","18,0",https://stackoverflow.com/questions/10930789/insert-backbone-js-model-into-mysql-database
"10677,15304,24113,4394,31564,21","24,17,10,2,2,2",https://stackoverflow.com/questions/16932113/passing-multiple-php-variables-to-shell-exec
5200,2,https://stackoverflow.com/questions/6780077/system-outofmemoryexception-when-getting-string-array-from-c-on-c-sharp
"622156,524","3,2",https://stackoverflow.com/questions/39154055/how-to-pass-char-in-struct-from-c-sharp-to-c
10012,4,https://stackoverflow.com/questions/35444656/thrift-java-client-cannot-handle-union-properly
"161,681,36104,142","13,4,3,0",https://stackoverflow.com/questions/18647841/retrieve-exit-status-from-php-script-inside-of-shell-script
"2214,25114,7250,1922","5,4,3,2",https://stackoverflow.com/questions/37453671/can-i-run-a-sql-query-in-frontend-javascript
"20705,2788,1264,1861,1970,11","22,8,8,4,1,0",https://stackoverflow.com/questions/11141336/filestorage-for-opencv-python-api
"141030,361","6,0",https://stackoverflow.com/questions/42506296/converting-python-dictionary-to-ctypes-structure
"326620,413,128692","9,9,0",https://stackoverflow.com/questions/43933897/set-environment-variables-by-file-using-python
"24113,69,3708,155","12,6,1,1",https://stackoverflow.com/questions/17048140/convert-multidimensional-php-array-to-javascript-array
226741,7,https://stackoverflow.com/questions/6089214/how-do-i-marshal-wchar-t-from-c-to-c-sharp-as-an-out-parameter-or-return-valu
"361196,87819,8451,121,1934","19,8,0,0,0",https://stackoverflow.com/questions/17244488/reading-struct-in-python-from-created-struct-in-c
"1,32459","11,8",https://stackoverflow.com/questions/2228275/java-generics-and-jni
8077,6,https://stackoverflow.com/questions/25379340/nashorn-java-collections-how-to-implement-equals-and-hashcode-in-pure-javascri
63722,3,https://stackoverflow.com/questions/21477881/use-javascript-to-update-a-json-file
"139,303,1","2,0,0",https://stackoverflow.com/questions/8688400/using-managed-threads-and-fibers-in-clr
"190793,3774,14552,80","11,6,0,0",https://stackoverflow.com/questions/15787748/evaluating-javascript-using-a-java-code
"381,0","3,2",https://stackoverflow.com/questions/18088977/creating-a-byte-in-c-and-returning-it-to-java-using-jni
"86504,11,106","0,0,1",https://stackoverflow.com/questions/51065913/outlook-refuses-password-from-cryptprotectdata
"1696,923","2,1",https://stackoverflow.com/questions/14124695/seg-fault-in-php-extension
"579827,48611,2074","3,1,0",https://stackoverflow.com/questions/5368720/c-sharp-calling-native-c-all-functions-what-types-to-use
"1474,4280","4,3",https://stackoverflow.com/questions/31334390/c-sharp-property-value-doesnt-get-modified-within-javascript-jquery
2650,6,https://stackoverflow.com/questions/5236690/float-from-c-to-c-sharp
4610,1,https://stackoverflow.com/questions/45108666/sessions-in-angularjs-and-php-application
"6777,3340","0,0",https://stackoverflow.com/questions/13654561/marshalling-an-array-of-strings-from-managed-to-native-code
"2708,1182","5,3",https://stackoverflow.com/questions/6866464/com-safearray-of-guids-returned-from-c-to-c-sharp
"5834,354,2082","41,4,2",https://stackoverflow.com/questions/17309745/how-to-join-a-group-using-signalr
"26987,2509","3,1",https://stackoverflow.com/questions/11582914/mvc-model-binding-a-string-array-from-jquery-post
14379,0,https://stackoverflow.com/questions/32462222/how-to-catch-assertioncaused-in-c-during-runtime-in-python
"69221,551","8,0",https://stackoverflow.com/questions/30357115/pyarray-simplenewfromdata-example
61,6,https://stackoverflow.com/questions/31295122/boost-python-multiple-return-arguments
12968,16,https://stackoverflow.com/questions/10314645/jni-multi-threads
3183,4,https://stackoverflow.com/questions/10524365/interop-causes-unity-to-crash
"4148,1021,3600","10,2,0",https://stackoverflow.com/questions/20419415/c-sharp-call-c-dll-passing-pointer-to-pointer-argument
83598,10,https://stackoverflow.com/questions/10596052/stdvector-to-java-util-vector-code-generation-with-swig
"16047,14589","36,4",https://stackoverflow.com/questions/13419676/assigning-the-model-to-a-javascript-variable-in-razor
"579827,40039","5,5",https://stackoverflow.com/questions/7309838/improper-marshaling-c-sharp-array-to-a-c-unmanaged-array
"149208,24084,1656","86,51,3",https://stackoverflow.com/questions/30024948/flask-download-a-csv-file-on-clicking-a-button
"12922,1163","14,1",https://stackoverflow.com/questions/30191582/how-can-i-change-text-of-legend-in-c3-pie-chart
"1615,1490,722,146,11,4174","10,8,4,2,1,1",https://stackoverflow.com/questions/19561877/is-it-possible-to-set-localstorage-or-session-variable-in-asp-net-page-and-read
"2634,699","31,16",https://stackoverflow.com/questions/18545034/how-do-i-convert-my-entire-div-data-into-image-and-save-it-into-directory-withou
"1080,331","54,2",https://stackoverflow.com/questions/29987323/how-do-i-send-data-from-js-to-python-with-flask
135274,7,https://stackoverflow.com/questions/3333182/speeding-up-ajax-requests-can-gzip-compression-be-applied
"58893,9492,76,1,142012","5,1,0,0,0",https://stackoverflow.com/questions/3024893/ajax-chat-only-update-if-theres-a-change
"13837,5427,2374,314,1062","3,2,2,1,0",https://stackoverflow.com/questions/23366570/store-client-server-string-filtering-directives-for-realtime-use
812,3,https://stackoverflow.com/questions/32551607/c-and-cython-seeking-a-design-pattern-that-avoids-template-limitations
"152350,31,92885,2344","8,3,2,0",https://stackoverflow.com/questions/5964269/asn-1-encoding-decoding
707,0,https://stackoverflow.com/questions/39209581/what-is-the-right-way-to-call-dynamic-content-currently-using-ajax-inside-a-ca
1382,16,https://stackoverflow.com/questions/7700446/java-app-calls-c-dll-via-jni-how-best-to-allocate-memory
"12823,13527,16982,344957,28416,43589,4970","4,4,3,1,1,1,0",https://stackoverflow.com/questions/6064990/is-mysql-database-access-speed-limited-primarily-by-the-db-or-by-the-language-u
555,2,https://stackoverflow.com/questions/30214271/php-js-progress-bar
"8724,10818,3731,128,1090,1100","17,1,1,1,0,5",https://stackoverflow.com/questions/19661580/minify-css-and-js-in-codeigniter-efficiently
"652874,3268","7,0",https://stackoverflow.com/questions/14269798/java-jni-calls-are-slower-than-expected-at-least-2-ms-call
"849,22217,14564,4073,31976,613,64956,31","22,13,7,7,6,6,3,3",https://stackoverflow.com/questions/2848359/how-to-write-javascript-in-asp-net-in-code-behind-using-c-sharp
12935,3,https://stackoverflow.com/questions/46888778/autocomplete-textbox-using-php
"8291,684,203,826,2073,131,71,11028,3373,41,5548,130,425,29,351,582","106,32,20,16,8,8,7,6,5,3,2,1,1,0,0,0",https://stackoverflow.com/questions/1917576/how-do-i-pass-javascript-variables-to-php
"4094,1935,5597,421,748,208","11,6,5,5,3,2",https://stackoverflow.com/questions/43827637/how-to-use-ajax-and-json-for-making-dropdown-menu
"1706,31238,1068,306","2,1,1,2",https://stackoverflow.com/questions/34383278/calling-javascript-from-java-method
"391,75,17949,1148,9583,1995,31500","37,7,3,2,1,0,5",https://stackoverflow.com/questions/18441194/how-to-call-a-c-sharp-function-from-javascript
"12174,532,1","3,0,2",https://stackoverflow.com/questions/54018008/how-to-pass-content-in-tinymces-textarea-to-a-php-file-directly-instead-of-send
"4139,988,24,49843,131","3,1,0,0,0",https://stackoverflow.com/questions/65189028/how-to-change-server-side-language-cookies-like-client-side-using-ajax
"35132,407,2510,462","2,1,0,0",https://stackoverflow.com/questions/56385013/how-to-show-entire-text-in-a-modal-on-click-of-ellipsis-in-js
553,25,https://stackoverflow.com/questions/22445078/how-to-create-a-stripe-charge-with-a-checkout-token-sent-via-ajax-to-php
0,0,https://stackoverflow.com/questions/18774269/websocket-failed-downgrading-to-comet-and-resending
"7391,28242,1756,51128,6585","14,2,1,0,0",https://stackoverflow.com/questions/5310216/passing-php-variable-into-javascript
"11549,1836,2419","9,3,0",https://stackoverflow.com/questions/1698801/passing-php-array-into-javascript-through-json-to-update-google-chart
"482,359","4,1",https://stackoverflow.com/questions/46805745/laravel-how-to-hide-the-interpolation-code-before-vue-js-loads
"108511,10658,6544,3649,14651,115,51","11,5,3,0,0,0,0",https://stackoverflow.com/questions/37570418/reload-captcha-image
"2206,10278","1,0",https://stackoverflow.com/questions/5592773/where-to-put-javascript-and-how-to-handle-events
1125,2,https://stackoverflow.com/questions/33066486/jscroll-js-with-laravel-5-nextselector-not-found-destroying
921,2,https://stackoverflow.com/questions/46746561/adding-the-load-more-button-from-my-front-page-to-my-search-page
"9088,5838,1","10,5,0",https://stackoverflow.com/questions/42101786/dropzone-js-prevents-flask-from-rendering-template
"51,15499,197,1,73,1908","5,1,0,0,0,1",https://stackoverflow.com/questions/42139254/how-to-implement-a-stripe-checkout-custom-button
"5697,124,1","7,0,0",https://stackoverflow.com/questions/10212686/social-icons-not-working-with-infinite-scrolling-on-wordpress
"8470,978802","27,6",https://stackoverflow.com/questions/6649125/calling-java-methods-in-javascript-code
"197178,21","28,1",https://stackoverflow.com/questions/52367826/custom-plus-and-minus-quantity-buttons-in-woocommerce-3
10479,25,https://stackoverflow.com/questions/24450304/load-data-on-scroll-up-like-facebook-chatting-system
874,2,https://stackoverflow.com/questions/39774300/jquery-datatables-asp-net-issue
"696,11622,2679","1,1,1",https://stackoverflow.com/questions/13209386/i-cannot-see-html5-eventsource-event-with-onmessage-method-in-chrome
"1658,265,19,1006","15,2,1,0",https://stackoverflow.com/questions/20111929/asp-net-button-on-click-not-firing-using-jquery-modal-dialog
"3819,258,76,597,4844,161,2500,31,267,21,830,555,49,101","15,7,2,1,1,1,1,1,1,1,0,0,0,0",https://stackoverflow.com/questions/34362470/load-modal-after-form-submit
"197178,441,1102","13,3,2",https://stackoverflow.com/questions/37228791/custom-button-next-to-add-to-cart-button-of-woocommerce-based-on-product-type
"2569,658,1385","10,5,3",https://stackoverflow.com/questions/9303534/is-it-possible-to-use-jquery-inside-of-vaadin-framework
"126035,322272,39748,741","6,3,1,0",https://stackoverflow.com/questions/9813774/youtube-iframe-api-seekto-not-a-method
48575,10,https://stackoverflow.com/questions/7699172/check-uncheck-all-checkboxes-with-javascript-in-a-php-array-with-keys
"12127,9942,7398","6,3,0",https://stackoverflow.com/questions/21835623/jquery-img-src-replace-not-working
"21643,340,172,12366,41,365,919383,6259,1","37,14,4,3,3,1,0,0,0",https://stackoverflow.com/questions/13454985/asp-net-set-hiddenfield-a-value-in-javascript
"603672,1473","36,0",https://stackoverflow.com/questions/4107728/does-https-connection-disabled-jquery
"2090,10437,52593,39345","11,2,0,0",https://stackoverflow.com/questions/531311/how-can-i-generate-dynamic-javascript
"106419,2225,22116","16,4,3",https://stackoverflow.com/questions/37772225/change-the-xlinkhref-of-an-image-in-a-svg-through-a-classic-a-link
"38470,105096,0,117,1,33327","34,6,3,2,0,0",https://stackoverflow.com/questions/835259/show-hide-fields-depending-on-select-value
"689,11758,123","1,1,1",https://stackoverflow.com/questions/39686611/column-sum-of-multiple-columns-of-dynamic-gridview-using-javascript
"1221,21,107,71","15,0,0,3",https://stackoverflow.com/questions/30449098/how-to-customize-default-data-confirm-dialog-box-in-yii2-gridview
"4963,82837","9,4",https://stackoverflow.com/questions/18512184/google-maps-finding-all-the-markers-inside-a-given-radius-javascript-php
"1785,8746","9,6",https://stackoverflow.com/questions/15006048/dynamically-rethrowing-self-defined-c-exceptions-as-python-exceptions-using-sw
36438,14,https://stackoverflow.com/questions/5449067/gwt-2-x-entry-function
"2810,41583","18,12",https://stackoverflow.com/questions/8450481/method-without-return-value-in-python-c-extension-module
2035,1,https://stackoverflow.com/questions/43161227/no-response-when-validationexception-is-thrown-using-plupload-and-symfony3
1533,4,https://stackoverflow.com/questions/29352485/python-print-not-working-when-embedded-into-mpi-program
20232,1,https://stackoverflow.com/questions/39127512/java-uncaughtexceptionhandler-havent-got-any-exception-using-jni
83598,4,https://stackoverflow.com/questions/30308490/jni-wrapper-for-c-function-using-swig-what-should-be-the-typemap
6277,1,https://stackoverflow.com/questions/56787106/does-managed-languages-lock-flush-and-reload-variables-of-native-libraries
"1199,368517,31,1349,78236,213472,377","23,20,3,2,2,0,0",https://stackoverflow.com/questions/24277488/in-python-how-to-capture-the-stdout-from-a-c-shared-library-to-a-variable
"1924,2487,0","12,5,4",https://stackoverflow.com/questions/1711490/returning-a-c-class-to-java-via-jni
"4653,5049,267,1567,55,301","19,14,7,4,1,0",https://stackoverflow.com/questions/24492327/python-embedding-in-c-importerror-no-module-named-pyfunction
"740,31,892","33,2,1",https://stackoverflow.com/questions/41020068/running-python-script-in-laravel
"1373,6387,1850","11,5,0",https://stackoverflow.com/questions/11123899/passing-a-c-sharp-class-object-in-and-out-of-a-c-dll-class
19696,2,https://stackoverflow.com/questions/25530727/c-python-api-second-call-of-pyimport-import-results-in-sigsegv
"1023,2316,1631,1068,31,11","28,8,5,1,1,1",https://stackoverflow.com/questions/16200997/why-doesnt-include-python-h-work
1349,3,https://stackoverflow.com/questions/57990269/passing-pointer-to-c-from-python-using-pybind11
"1778,5602","15,0",https://stackoverflow.com/questions/29595222/multithreading-with-python-and-c-api
"28871,12441","15,7",https://stackoverflow.com/questions/14762048/subprocess-call-in-python-to-invoke-java-jar-files-with-java-opts
"524,54804,14938,2862,53439","8,7,4,2,1",https://stackoverflow.com/questions/1014584/force-java-to-call-my-c-destructor-jni
25449,13,https://stackoverflow.com/questions/31436593/cython-templates-in-python-class-wrappers
"77358,2649,209","2,2,0",https://stackoverflow.com/questions/14482064/how-to-pass-variables-back-from-php-by-ajax
"266836,4164","13,1",https://stackoverflow.com/questions/15801782/how-to-correctly-pass-a-json-object-to-flask-server-using-jquery-ajax
1106,7,https://stackoverflow.com/questions/18115260/gwt-custom-event-trigger-in-javascript
168,4,https://stackoverflow.com/questions/37474832/how-to-train-a-model-in-c-with-tensorflow
"20658,978802,1","17,0,0",https://stackoverflow.com/questions/7276389/confused-over-dll-entry-points-entry-point-not-found-exception
"689,116","11,3",https://stackoverflow.com/questions/43633044/generate-android-apk-using-shell-script-from-php
"396,985,38140,9322,972,95","15,4,3,2,1,0",https://stackoverflow.com/questions/21227506/how-to-call-a-javascript-function-before-and-after-button-click-event-call-in-as
74940,3,https://stackoverflow.com/questions/16908820/what-is-the-init-function-of-a-dynamic-module-in-python
"1482,352","1,0",https://stackoverflow.com/questions/7289897/boost-serialization-and-boost-python-two-way-pickle
30531,73,https://stackoverflow.com/questions/19243020/in-python-get-the-output-of-system-command-as-a-string
"5776,4158","25,9",https://stackoverflow.com/questions/21877127/calling-system-loadlibrary-twice-for-the-same-shared-library
"12548,9754,21677,54891,15138,104270,71","7,1,0,0,0,0,1",https://stackoverflow.com/questions/3476762/java-hangs-even-though-scripts-execution-is-completed
"32492,3413,23510","7,6,2",https://stackoverflow.com/questions/3712125/how-does-boost-python-work
66834,24,https://stackoverflow.com/questions/8358375/how-to-return-int-array-from-java-to-jni
"1,28926","0,0",https://stackoverflow.com/questions/33276487/passing-javascript-array-from-view-to-laravel-controller
27448,2,https://stackoverflow.com/questions/6444131/using-a-python-script-in-java-eclipse
"795321,372477,6144,10547,0","11,5,3,1,1",https://stackoverflow.com/questions/8089351/exec-any-command-in-c
"316515,543","24,6",https://stackoverflow.com/questions/20318158/run-python-script-directly-from-command-line
2890,18,https://stackoverflow.com/questions/38378901/jni-thread-model
"368,66,368","6,5,3",https://stackoverflow.com/questions/30263293/youtube-subscriptions-list-api-v3-nextpagetoken-isnt-available
"6923,2173,11313,770,4114,71,1595,1901","12,8,5,1,0,0,0,0",https://stackoverflow.com/questions/15240472/confirm-box-in-codeigniter-anchor-link-to-delete-record
"104295,22103,3717,1047","10,7,2,1",https://stackoverflow.com/questions/2842079/how-can-i-pass-a-javascript-function-to-a-java-method-to-act-as-a-callback-rhin
25449,9,https://stackoverflow.com/questions/30984078/cython-working-with-c-streams
83598,9,https://stackoverflow.com/questions/18878179/how-to-avoid-memory-leak-with-shared-ptr-and-swig
"9539,681","0,0",https://stackoverflow.com/questions/29699543/how-to-get-swig-to-apply-templates-when-wrapping-a-template-class-containing-vec
"10438,21,148461,703,10086","12,2,2,0,0",https://stackoverflow.com/questions/8884480/starting-and-killing-java-app-with-shell-script-debian
"802,28411","11,0",https://stackoverflow.com/questions/1161142/not-receiving-callbacks-from-the-java-access-bridge
"155156,11","7,1",https://stackoverflow.com/questions/7033953/python-cgi-program-wants-to-know-the-ip-address-of-the-calling-web-page
"133842,428589","11,2",https://stackoverflow.com/questions/29517675/how-to-get-asynchronous-javascript-responses-from-selenium-webdriver
"48252,336150","12,6",https://stackoverflow.com/questions/13322119/how-to-make-script-in-linux-use-my-interpteter-and-work
"12468,4211,131,11","10,5,1,1",https://stackoverflow.com/questions/3397513/how-do-i-access-return-value-of-a-java-method-returning-java-lang-string-from-c
,,https://stackoverflow.com/questions/46750777/passing-a-javascript-array-of-strings-to-a-c-function-with-emscripten
"85,6619,26","7,3,1",https://stackoverflow.com/questions/37206310/how-to-return-the-multiple-lists-from-controller-action-to-ajax-success-call-bac
"836,2037","3,0",https://stackoverflow.com/questions/45387728/calling-a-c-style-function-pointer-in-a-webassembly-from-javascript
"51252,469,167467,361,49,24746,804,311,1762","43,27,6,2,1,0,0,0,1",https://stackoverflow.com/questions/5828803/how-to-call-code-behind-server-method-from-a-client-side-javascript-function
1177,0,https://stackoverflow.com/questions/22062824/how-do-i-map-a-function-call-from-c-to-java-using-javacpp
"1577,11027","101,56",https://stackoverflow.com/questions/2011311/running-java-with-java-opts-env-variable-has-no-effect
49047,15,https://stackoverflow.com/questions/16660049/extracting-arguments-from-kwargs-in-boostpython
,,https://stackoverflow.com/questions/41875585/extending-and-embedding-python-in-c-is-pyimport-addmodule-required-to-import
"2243,23420,344957,7703,281,4269","22,6,4,3,2,0",https://stackoverflow.com/questions/15300470/jquery-ajax-form-using-mail-php-script-sends-email-but-post-data-from-html-fo
"579827,151,915","7,1,1",https://stackoverflow.com/questions/15923595/how-to-use-a-c-dll-in-unity3d
"33576,2801","15,4",https://stackoverflow.com/questions/21581560/php-how-to-know-if-server-allows-shell-exec
1488,43,https://stackoverflow.com/questions/24719592/sending-data-as-json-object-from-python-to-javascript-with-jinja
"64514,8197,4656","10,4,2",https://stackoverflow.com/questions/10256315/python-c-extensions-why-must-callable-c-functions-take-arguments-and-return-py
"720857,3871","23,2",https://stackoverflow.com/questions/3078680/adding-printf-to-the-starting-of-all-functions-in-a-file
"26071,421,1465","9,3,2",https://stackoverflow.com/questions/7322420/calling-javascript-object-method-using-webbrowser-document-invokescript
4834,4,https://stackoverflow.com/questions/20692053/callback-as-parameter-of-c-structure-java-wrapper-generation
25276,3,https://stackoverflow.com/questions/54545813/using-kill-to-trigger-a-parents-waitpid
13420,9,https://stackoverflow.com/questions/35545598/custom-events-in-react-native-android-native-ui-component
"3776,2532","22,2",https://stackoverflow.com/questions/39498702/passing-arguments-to-python-from-shell-script
579827,8,https://stackoverflow.com/questions/5367515/how-to-call-a-c-dll-exported-function-from-c-sharp
"26394,104270,821","7,2,0",https://stackoverflow.com/questions/54636989/java-socket-fails-to-connect-to-0-0-0-0-with-noroutetohostexception-instead-of
"3710,146079","17,4",https://stackoverflow.com/questions/15414753/shared-memory-between-c-and-java-processes
"4924,335","4,1",https://stackoverflow.com/questions/55964908/passing-jwt-token-to-sockjs
"1627,21,1","13,2,0",https://stackoverflow.com/questions/21852459/tomcat-7-0-50-java-websocket-implementation-gives-404-error
151,2,https://stackoverflow.com/questions/12249885/java-android-httpurlconnection-setchunkedstreamingmode-not-working-with-all-php
"2312,290,1","2,0,0",https://stackoverflow.com/questions/23273628/angularjs-calling-java-functions
139,0,https://stackoverflow.com/questions/14571582/cant-call-jnlp-deployed-applet-code-from-javascript
"52803,31731","5,1",https://stackoverflow.com/questions/20732980/how-to-use-socket-with-a-python-client-and-a-c-server
"926583,1657,1772","32,1,0",https://stackoverflow.com/questions/22854749/flask-and-ajax-post-http-400-bad-request-error
"26815,546","7,1",https://stackoverflow.com/questions/42475492/how-to-read-and-echo-file-size-of-uploaded-file-being-written-at-server-in-real
"405,1550,15674","5,0,2",https://stackoverflow.com/questions/18583273/issues-with-cors-flask-angularjs
10435,9,https://stackoverflow.com/questions/48777708/react-frontend-connecting-to-flask-backend-howto
0,26,https://stackoverflow.com/questions/17834243/how-to-read-formdata-object-in-php
358,4,https://stackoverflow.com/questions/49010415/flask-request-get-json-returning-none-when-valid-json-data-sent-via-post-reque
"24253,460,1330","32,5,1",https://stackoverflow.com/questions/19370223/why-is-my-ajax-request-getting-response-0
"9382,6600,174,108,1877,6944","3,1,0,0,0,0",https://stackoverflow.com/questions/42663777/html-vs-jsp-get-request-header-token-value
17853,4,https://stackoverflow.com/questions/31366855/how-to-bind-zeromq-socket-with-ratchet-web-socket-library-to-make-real-time-appl
"328,447,69,189,1305","15,8,2,0,0",https://stackoverflow.com/questions/29626410/krajee-bootstrap-file-input-catching-ajax-success-response
70,1,https://stackoverflow.com/questions/30971295/how-to-do-login-with-ajax-and-json-for-hibrid-mobile-app
"1864,11","13,0",https://stackoverflow.com/questions/28386534/post-request-with-jquery-and-laravel-framework
"174071,25052","3,0",https://stackoverflow.com/questions/6314320/designing-javascript-frontend-c-backend-communication
"64454,3669,2488,2073,410","2,0,0,0,0",https://stackoverflow.com/questions/51585831/get-info-by-javascript-in-laravel
"777,601,978802,5966,2273","11,10,2,0,0",https://stackoverflow.com/questions/8854816/keeping-the-cookie-after-a-cross-domain-ajax-request
"255008,130991,61971,66","12,10,1,1",https://stackoverflow.com/questions/10405515/piping-in-shell-via-python-subprocess-module
25793,3,https://stackoverflow.com/questions/3752231/socket-no-route-to-host-error
"13836,1553","1,0",https://stackoverflow.com/questions/4024275/jetty-preflight-and-ajax
"153,700","1,0",https://stackoverflow.com/questions/31391483/long-polling-with-php-curl
"131,10029","13,1",https://stackoverflow.com/questions/5169434/content-transfer-encoding-in-file-uploading-request
"240,1,600","9,0,0",https://stackoverflow.com/questions/29516515/how-to-get-a-zip-with-ajax-from-php-server
"292307,18642,11,341,1,1205","10,5,1,0,0,1",https://stackoverflow.com/questions/10936407/ajax-type-post-post-method-to-php
"17974,19563","2,0",https://stackoverflow.com/questions/24192138/signalr-longpolling-multiple-groups-add-for-a-single-client-exception
"4239,81","16,2",https://stackoverflow.com/questions/20084549/angularjs-form-post-data-not-posted
39630,27,https://stackoverflow.com/questions/21441786/post-to-php-from-node-js
3573,4,https://stackoverflow.com/questions/22329047/server-side-event-how-to-pass-parameters-to-server-side-script-append-query-s
196,5,https://stackoverflow.com/questions/49509612/postman-access-full-request-body-to-calculate-hash-in-pre-request-script
"144504,462735,510273,25420,866","9,8,2,0,0",https://stackoverflow.com/questions/2853725/whats-the-best-way-to-debug-ajax-to-php-calls
"446,6140","19,2",https://stackoverflow.com/questions/27635738/warning-missing-boundary-in-multipart-form-data-post-data-in-unknown-on-line-0
"4809,2098,9330","4,1,1",https://stackoverflow.com/questions/37506637/how-to-clear-ajax-response
"37497,3591,1819","5,4,0",https://stackoverflow.com/questions/8897642/submitting-from-jquery-to-php
"2788,163","11,7",https://stackoverflow.com/questions/10740479/two-way-c-to-c-sharp-communication-using-named-pipes
"2998,3759,6086,0,3576","23,20,4,1,0",https://stackoverflow.com/questions/30680562/send-form-data-with-jquery-ajax-json
"1396,3223,639,1128","3,3,1,1",https://stackoverflow.com/questions/29533254/integrate-node-js-and-socket-io-with-codeigniter
"144504,1495,17568,33846","13,2,1,0",https://stackoverflow.com/questions/3124636/detect-ajax-calling-url
"78491,31","14,3",https://stackoverflow.com/questions/308054/learning-how-to-use-ajax-with-codeigniter
"9527,14876,3166,1040","5,4,2,1",https://stackoverflow.com/questions/29727436/upload-progress-bar-using-session-in-php-5-4-with-codeigniter
1018539,24,https://stackoverflow.com/questions/11350769/ajax-call-in-jsf-2-0-myfaces-the-onevent-javascript-function-in-the-ajax-tag
"4284,4924,422","8,7,1",https://stackoverflow.com/questions/37690068/laravel-refresh-data-after-ajax
"186,1763,885,649,71,43","8,4,2,0,0,0",https://stackoverflow.com/questions/30011998/asp-net-500-internal-server-error-while-calling-webmethod-from-javascript
"25060,48580,2502,951,27692,87,928,11","2,0,0,0,0,0,0,1",https://stackoverflow.com/questions/3558662/custom-javascript-ajax-for-asp-net
"6156,829,1647,0","7,3,1,1",https://stackoverflow.com/questions/16433794/get-ajax-post-data-on-php-via-javascript-call
10113,8,https://stackoverflow.com/questions/38898776/add-access-control-allow-origin-on-http-listener-in-c-rest-sdk
2161,14,https://stackoverflow.com/questions/7294830/sending-encoding-response-in-json
"53235,63,1,29","21,2,0,0",https://stackoverflow.com/questions/33240409/how-to-submit-checkboxes-from-all-pages-with-jquery-datatables
"8588,3540,1347,1775,66","48,5,3,2,2",https://stackoverflow.com/questions/19155192/jquery-ajax-call-to-php-script-with-json-return
2189,6,https://stackoverflow.com/questions/11570713/how-to-receive-json-object-in-php
"45066,10075,293","7,7,2",https://stackoverflow.com/questions/3789881/create-and-call-python-function-from-string-via-c-api
"43568,0,162771,166,16517,97","8,3,2,1,0,0",https://stackoverflow.com/questions/11138929/calling-c-functions-inside-javascript
"820634,36481,1470,42672","38,29,19,2",https://stackoverflow.com/questions/5107694/how-do-i-add-a-reference-to-an-unmanaged-c-project-called-by-a-c-sharp-project
"43457,46349,396947,12404,8109,23536,1158","94,10,9,5,2,2,2",https://stackoverflow.com/questions/935664/possible-to-call-c-code-from-c
"1660,9488,4461,4718","64,10,4,2",https://stackoverflow.com/questions/16647186/calling-c-functions-in-python
5051,7,https://stackoverflow.com/questions/56466822/can-c-be-called-from-c-sharp-compiled-to-wasm
"0,321180,12372","46,39,5",https://stackoverflow.com/questions/2532907/combining-c-and-c-sharp
"749,7356","6,0",https://stackoverflow.com/questions/15822788/how-to-call-a-c-api-from-c-sharp
"29163,7066,58334,70516","57,9,4,4",https://stackoverflow.com/questions/2211867/how-do-i-call-c-cli-from-c
"36788,4233,61,362,771,311","51,23,6,3,1,1",https://stackoverflow.com/questions/12738827/how-can-i-call-scikit-learn-classifiers-from-java
"743,0,95","5,1,1",https://stackoverflow.com/questions/29165155/calling-javascript-from-c-with-node-js
"994,257883,621,31,6805","8,2,1,1,0",https://stackoverflow.com/questions/2261347/amqp-c-implementation
"87367,3900,63932","2,2,2",https://stackoverflow.com/questions/30686330/running-c-sharp-code-from-c-application-android-ndk-for-free
"1552,2584,707,154,4974,2546,6831,33313,2240,17,3","65,16,5,4,3,2,1,1,0,2,4",https://stackoverflow.com/questions/8599595/send-json-data-from-javascript-to-php
"17807,99550,333,795321,53442","7,6,5,1,0",https://stackoverflow.com/questions/3146017/how-do-i-share-a-constant-between-c-sharp-and-c-code
"6943,2324,3833,520","8,2,1,0",https://stackoverflow.com/questions/5965655/communication-between-php-and-python
"6050,15342","6,5",https://stackoverflow.com/questions/35462175/call-python-function-from-c-sharp-net
"14236,3108,10894,275,482225,202767,534,193","49,33,23,5,4,1,1,1",https://stackoverflow.com/questions/5549562/running-php-script-php-function-in-linux-bash
722,1,https://stackoverflow.com/questions/46812185/call-c-net-core-method-from-c
91,2,https://stackoverflow.com/questions/44954565/wordpress-vue-js-contact-forms
"4329,6819","1,0",https://stackoverflow.com/questions/15499746/multi-language-integration-testing-framework
"85294,3305,2129,4776,9827,31,68130","24,6,4,3,3,3,2",https://stackoverflow.com/questions/8638984/send-post-data-to-php-without-using-an-html-form
"10500,1655,6326,408,8138","12,0,0,0,0",https://stackoverflow.com/questions/1792643/how-do-i-change-the-shell-for-phps-exec
,,https://stackoverflow.com/questions/12292425/google-native-client-sending-binary-data-from-nacl-to-the-frontend
"608753,0,112","76,3,1",https://stackoverflow.com/questions/31035467/for-a-push-notification-is-a-websocket-mandatory
"5978,519,9038","28,6,2",https://stackoverflow.com/questions/13231913/how-do-i-call-a-specific-method-from-a-python-script-in-c
"1971,1695,286,307","60,26,17,15",https://stackoverflow.com/questions/42601478/flask-calling-python-function-on-button-onclick-event
"936,1379","4,3",https://stackoverflow.com/questions/32804020/create-a-shell-script-to-run-a-java-program-on-linux
508,15,https://stackoverflow.com/questions/23949395/how-to-pass-a-javascript-array-to-a-python-script-using-flask-using-flask-examp
"51420,336150","14,0",https://stackoverflow.com/questions/11700501/python-cython-c-and-callbacks-calling-a-python-function-from-c-using-cython
"10643,251,11050,1159","3,3,2,0",https://stackoverflow.com/questions/14184993/communication-between-c-and-c-sharp-application-through-network
"16846,127503,2799,0","14,5,4,3",https://stackoverflow.com/questions/6619931/how-should-an-array-be-passed-to-a-javascript-function-from-c
"1474,39194,361196,6683,14452","29,24,10,5,3",https://stackoverflow.com/questions/11741574/how-to-print-utf-8-encoded-text-to-the-console-in-python-3
"247,225730,4958,140006,153933","12,3,3,1,0",https://stackoverflow.com/questions/9623593/pass-javascript-variable-to-php-code
"55808,55618,1,12471","7,6,5,5",https://stackoverflow.com/questions/38678239/execute-google-chart-api-javascript-in-php-file
40119,17,https://stackoverflow.com/questions/26855631/javascript-to-django-views-py
"402,12460","1,1",https://stackoverflow.com/questions/33959189/how-to-locally-call-a-javascript-function-from-php-on-raspberry-pi
"120737,31580","6,0",https://stackoverflow.com/questions/36853411/using-javascript-to-call-c-in-internet-explorer
0,3,https://stackoverflow.com/questions/46750959/how-to-write-event-handlers-and-detect-certain-javascript-calls-using-htmlunit
"361196,16719","39,1",https://stackoverflow.com/questions/23611396/python-execute-cat-subprocess-in-parallel
"134313,40482,21637","10,8,1",https://stackoverflow.com/questions/23750661/send-json-object-from-javascript-to-php
431,23,https://stackoverflow.com/questions/49070403/how-to-retrieve-variables-in-php-sent-by-axios-post-request
"556128,2148,3127,2144,4597,75","11,7,3,2,0,0",https://stackoverflow.com/questions/34591729/how-to-execute-code-in-the-django-shell-by-an-external-python-script
"19555,117","12,2",https://stackoverflow.com/questions/25383624/communication-between-c-and-python
105,0,https://stackoverflow.com/questions/48082043/calling-c-sharp-code-within-python3-6
428589,12,https://stackoverflow.com/questions/28289699/python-web-scraping-for-javascript-generated-content
,,https://stackoverflow.com/questions/28905849/limiting-memory-usage-of-a-java-rhino-nashorn-object
"783,23760,858,2413,3890,13565,109,1127","13,4,4,3,2,0,0,0",https://stackoverflow.com/questions/8644289/adding-values-from-c-sharp-to-div-via-javascript
60428,8,https://stackoverflow.com/questions/36340948/how-can-i-get-data-from-a-websocket-url
"4421,4421,2249,790","6,2,2,1",https://stackoverflow.com/questions/23157685/send-data-to-a-generic-handler-that-accepts-json-data-using-c-sharp
"64346,141293,0,2064,1,499","5,2,0,0,0,0",https://stackoverflow.com/questions/4407843/sending-password-to-command-line-tools
"109297,42951,820","5,3,2",https://stackoverflow.com/questions/1733082/implement-a-comet-server-in-c-sharp
"65693,32070","12,3",https://stackoverflow.com/questions/50731650/is-it-possible-to-run-webassembly-code-async
63216,3,https://stackoverflow.com/questions/11834078/how-to-convert-zval-to-vector-for-php-extension
"191,254,2518,158,745,1","5,3,0,0,0,0",https://stackoverflow.com/questions/42939357/communication-between-python-and-c-sharp
5375,6,https://stackoverflow.com/questions/34662448/net-c-interop-to-python
"10597,1479,546","1,1,0",https://stackoverflow.com/questions/34235763/execute-python-script-from-android-app-in-java
"656,14309","9,2",https://stackoverflow.com/questions/4624507/building-64-bit-c-python-extensions-on-windows
30081,4,https://stackoverflow.com/questions/33310675/pass-file-into-function-from-python-ctypes
"538,1167,449","2,0,0",https://stackoverflow.com/questions/22730210/send-log-errors-to-a-file
"84138,10488,48052,27","11,3,1,0",https://stackoverflow.com/questions/2408771/how-to-get-selected-value-from-dropdownlist-in-asp-net-using-javascript
1152,4,https://stackoverflow.com/questions/42527598/call-c-class-methods-or-function-from-java-on-android-without-recreating-class
"488,136,319,4554,3263,1,377","26,4,1,0,0,0,0",https://stackoverflow.com/questions/7229027/how-to-get-data-to-javascript-from-php-using-json-encode
"366613,54966,10925","23,4,1",https://stackoverflow.com/questions/7691599/execute-python-script-with-function-from-command-line-linux
"58231,0,4386,32921","19,7,5,4",https://stackoverflow.com/questions/3774108/python-vs-lua-for-embedded-scripting-text-processing-engine
14291,15,https://stackoverflow.com/questions/18879056/submit-button-that-calls-js-function-and-then-posts-to-mysql
"64430,71,748,31,185,615,372,151","43,7,4,1,0,0,0,0",https://stackoverflow.com/questions/10134963/prevent-page-scrolling-after-postback-and-maintain-position
"720,2492","2,1",https://stackoverflow.com/questions/24484406/i-have-a-header-jsp-whose-style-keeps-changing-for-different-logins-its-a-dynami
28747,11,https://stackoverflow.com/questions/24745355/spa-firebase-and-net-webapi-2-authentication
14990,8,https://stackoverflow.com/questions/12717084/creating-custom-php-syntax-parser
1314,2,https://stackoverflow.com/questions/51663749/how-to-choose-solutions-for-secure-messaging-front-end-and-hipaa-compliant-datab
"7188,406,2025,1589","2,2,1,0",https://stackoverflow.com/questions/1071377/how-to-capture-a-website-api-traffic-data-with-google-analytics
3055,18,https://stackoverflow.com/questions/30899484/python-flask-calling-functions-using-buttons
"0,0,0,0,0,0,0,0","2,2,1,0,0,0,1,1",https://stackoverflow.com/questions/1072920/user-friendly-framework-for-personal-website
"44973,720857,4117,11448,177189","9,2,2,1,0",https://stackoverflow.com/questions/4276205/do-i-need-node-js-in-python-like-i-would-with-php
"1729,1823,2986","42,4,3",https://stackoverflow.com/questions/15074566/open-source-alternative-to-addthis-addtoany-sharethis-etcfor-social-bookmarking
"7038,3491,6983,20085,5165,4646,735,1","14,9,2,0,0,0,1,2",https://stackoverflow.com/questions/5610333/how-to-query-database-using-javascript
"13659,1069,8453","58,36,12",https://stackoverflow.com/questions/4746249/get-user-timezone
"13756,12893,1409,12714,742,0,17005,9032","3,2,1,1,0,0,0,1",https://stackoverflow.com/questions/6544416/php-vs-c-cgi-for-small-web-service
1194,4,https://stackoverflow.com/questions/32916803/angular-js-and-symfony2
"3904,2011,2056","15,3,3",https://stackoverflow.com/questions/8866738/speed-of-php-vs-javascript
"12148,591,5395","2,1,0",https://stackoverflow.com/questions/8379314/alternative-to-java-spring-based-webservices
"2200,0,0,64","38,4,1,1",https://stackoverflow.com/questions/22084698/how-to-export-source-content-within-div-to-text-html-file
63901,3,https://stackoverflow.com/questions/8546061/best-way-to-secure-javascript-front-end-rest-back-end-architecture-web-site
"36438,66723,1203,2874","5,3,1,0",https://stackoverflow.com/questions/2774074/best-practice-user-generated-html-cleaning
"3482,1853","11,4",https://stackoverflow.com/questions/29949338/encryption-between-desktop-app-and-server-c-sharp-to-php
"246068,161,141176,176186,56,88","20,13,10,1,0,9",https://stackoverflow.com/questions/93911/how-can-you-run-javascript-using-rhino-for-java-in-a-sandbox
