type,topic1
single,console
single,crash
single,dynamically
single,condition
single,unsigned
single,vector
single,string
single,argument
single,function
single,script
single,library
single,header
single,lookup
single,backend
single,pointer
single,variable
single,compile
single,exception
single,server
single,binary
single,array
single,allocation
single,declaration
single,stack
single,jquery
single,template
single,documentation
single,thread
single,snippet
single,socket
single,operator
single,native
single,warning
single,database
single,undefined
single,wrapper
single,floating
single,assignment
