url,commit_sha,html_url,title,type,repo_fullname,tag
https://api.github.com/repos/curl/curl/issues/9003,d2c6d8be18adfe4c49ca8948d04e228ba1a6e9fb,https://github.com/curl/curl/issues/9003,vquic/ngtcp2.h:58:3: error: unknown type name 'ngtcp2_crypto_conn_ref',"build,HTTP/3",curl/curl,intra
https://api.github.com/repos/curl/curl/issues/8953,f810047f9d7a983c4479ae07f79282b7c9b54ccb,https://github.com/curl/curl/issues/8953,disable-cookies build broken since commit 45de940cebf,build,curl/curl,intra
https://api.github.com/repos/curl/curl/issues/8804,8e22fc68e7dda43e9f0b6857b1057d0e9131a4b2,https://github.com/curl/curl/pull/8804,"Fix ""make ca-firefox""",script,curl/curl,intra
https://api.github.com/repos/curl/curl/issues/8755,6e659993952aa5f90f48864be84a1bbb047fc258,https://github.com/curl/curl/issues/8755,./configure --disable-proxy currently brakes these tests: 898 974 976 ,"connecting & proxies,tests",curl/curl,intra
https://api.github.com/repos/curl/curl/issues/8696,c148f0f551f9bea0e3d08f5747b3fe58b811a011,https://github.com/curl/curl/issues/8696,http3: certificate lookup error,"build,KNOWN_BUGS material,HTTP/3",curl/curl,intra
https://api.github.com/repos/curl/curl/issues/8627,bdc664a64002a7df66f34159454844e6b6f5515f,https://github.com/curl/curl/issues/8627,tests: HTTP tests often skipped since March 22,"HTTP,tests,CI",curl/curl,intra
https://api.github.com/repos/curl/curl/issues/8559,d15692ebbad5e9cfb871b0f7f51a73e43762cee2,https://github.com/curl/curl/issues/8559,OpenSSL host verification + hostname in certificate CN only seems broken in 7.82.0,"regression,TLS",curl/curl,intra
https://api.github.com/repos/curl/curl/issues/8384,1bf3643f7b1760f7f92cbb42df2dbdc94e29bf96,https://github.com/curl/curl/issues/8384,Test 1165 [Verify configure.ac and source code CURL_DISABLE_-sync] failing,build,curl/curl,intra
https://api.github.com/repos/curl/curl/issues/8240,c148f0f551f9bea0e3d08f5747b3fe58b811a011,https://github.com/curl/curl/issues/8240,"Compile error 7.81.0 with OpenSSL 1.0.2u (VC14, Winbuild, multissl)","build,Windows",curl/curl,intra
https://api.github.com/repos/curl/curl/issues/7995,4d58a94cd80eb46d5deb98989d82c683a3f7e199,https://github.com/curl/curl/issues/7995,libcurl.so: undefined reference to `Curl_connect_done',build,curl/curl,intra
https://api.github.com/repos/curl/curl/issues/7982,51c0ebcff2140c38ff389b4fcfb8216f5e9d198c,https://github.com/curl/curl/issues/7982,Double-free when using HTTPS with tunneling proxy,crash,curl/curl,intra
https://api.github.com/repos/curl/curl/issues/7863,2f0bb864c126892afc822e0cf5547d7ea5094212,https://github.com/curl/curl/issues/7863,checksrc.pl: BRACEPOS false positive,script,curl/curl,intra
https://api.github.com/repos/curl/curl/issues/7804,8a16e54c0cc71e15ef78d9eaf1f9155a0204202d,https://github.com/curl/curl/issues/7804,content length not available in header function,HTTP,curl/curl,intra
https://api.github.com/repos/curl/curl/issues/7733,2f0bb864c126892afc822e0cf5547d7ea5094212,https://github.com/curl/curl/issues/7733,curl 7.79 does not compile on linux and mac with debug flags,build,curl/curl,intra
https://api.github.com/repos/curl/curl/issues/7683,b249592d29ae0a2b3e8e07fdbc01f33b5a5b8420,https://github.com/curl/curl/issues/7683,Random memory leak while calling curl_multi_cleanup,"memory-leak,TLS",curl/curl,intra
https://api.github.com/repos/curl/curl/issues/7630,c4e6968127e876b01e5e0b4b7cdbc49d5267530c,https://github.com/curl/curl/issues/7630,HTTP/2 post issue on latest curl version,HTTP/2,curl/curl,intra
https://api.github.com/repos/curl/curl/issues/7539,1390fc097776f734a0b693c446b6ff7712a68a98,https://github.com/curl/curl/issues/7539,build fails when enabling nghttp3,"build,HTTP/3",curl/curl,intra
https://api.github.com/repos/curl/curl/issues/7483,02dfe7193704817184b522888ffa926e6b73f648,https://github.com/curl/curl/issues/7483,Test 2100 failing on Windows CI builds,CI,curl/curl,intra
https://api.github.com/repos/curl/curl/issues/7475,265b14d6b37c4298bd5556fabcbc37d36f911693,https://github.com/curl/curl/issues/7475,7.78.0 breaks static linking,build,curl/curl,intra
https://api.github.com/repos/curl/curl/issues/7400,252790c5335a221179dfbacb40e065750bbe7544,https://github.com/curl/curl/issues/7400,"Spurious ""Connection died, tried 5 times before giving up"" using HTTP/2",HTTP/2,curl/curl,intra
https://api.github.com/repos/curl/curl/issues/7308,24e469f6d61635f85bd4a0845c07aef0c6be661b,https://github.com/curl/curl/issues/7308,MacOS (Arm64) crash on curl += 7.76,"crash,HTTP",curl/curl,intra
https://api.github.com/repos/curl/curl/issues/7289,e54b1885d19dee5ed04761295020a0a84b8296ca,https://github.com/curl/curl/issues/7289,Backward compatibility broken after #5050,"needs-info,libcurl API",curl/curl,intra
https://api.github.com/repos/curl/curl/issues/7052,a9bc819c89cae273bacc375ebcd71debbfaa79fe,https://github.com/curl/curl/issues/7052,autoreconf: 'configure.ac' or 'configure.in' is required,build,curl/curl,intra
https://api.github.com/repos/curl/curl/issues/6878,5d2c384452543c7b6c9fb02eaa0afc84fd5ab941,https://github.com/curl/curl/pull/6878,configure: fix CURL_DARWIN_CFLAGS use,build,curl/curl,intra
https://api.github.com/repos/curl/curl/issues/6681,aee277bc54507d32318f2783a9256aff84a92cec,https://github.com/curl/curl/issues/6681,CURLE_OUT_OF_MEMORY when adding large header after update to 7.71.0,HTTP,curl/curl,intra
https://api.github.com/repos/curl/curl/issues/6615,c7dd08ce588a1cccd0eaf779137348d198e69b12,https://github.com/curl/curl/issues/6615,reason phrase from HTTP status line missing in error buffer after upgrade to 7.75.0,HTTP,curl/curl,intra
https://api.github.com/repos/curl/curl/issues/6604,40259ca65544cd5227cec387d1bb4ded01596ebc,https://github.com/curl/curl/issues/6604,"Crashes in DoH requests (consistent, unknown cause)","crash,needs-info,name lookup",curl/curl,intra
https://api.github.com/repos/curl/curl/issues/6566,8335c6417ea21bdfc340f0cb8cab5dbc97b10a2e,https://github.com/curl/curl/issues/6566,7.75.0 fails to build when using non-threaded resolver + disabled DoH,build,curl/curl,intra
https://api.github.com/repos/curl/curl/issues/6564,7ea2e1d0c5a7fc7e2797a2d3c2a2429d6e09e581,https://github.com/curl/curl/issues/6564,FTP ASCII download fails due to erroneous SIZE response,FTP,curl/curl,intra
https://api.github.com/repos/curl/curl/issues/6319,78af8b68cfe4222057100911c50d52f3719b47d9,https://github.com/curl/curl/pull/6319,http3/quiche: fix invalid request when uploading big file,"needs-info,HTTP/3",curl/curl,intra
https://api.github.com/repos/curl/curl/issues/6190,ed35d6590e72c23c568af1e3b8ac6e4e2d883888,https://github.com/curl/curl/issues/6190,curl_easy_escape is limited to 8MB of urlencoded data,"documentation,libcurl API",curl/curl,intra
https://api.github.com/repos/curl/curl/issues/6157,3862c37b6373a55ca704171d45ba5ee91dec2c9f,https://github.com/curl/curl/issues/6157,Making .pc file relocatable breaks properly configured cross compilation environment.,"build,regression",curl/curl,intra
https://api.github.com/repos/curl/curl/issues/5977,83cc96670811cd0e6cccbf78d2b21bbeb2e4ea45,https://github.com/curl/curl/issues/5977,curl help function used freed memory on WIN32 unicode,"cmdline tool,Windows",curl/curl,intra
https://api.github.com/repos/curl/curl/issues/5816,f002c850d98dc2dbed34d6547a38a6c0b4c89e10,https://github.com/curl/curl/issues/5816,FTPS is broken since libcurl 7.71,"TLS,FTP",curl/curl,intra
https://api.github.com/repos/curl/curl/issues/5799,7370b4e39f1390e701f5b68d910c619151daf72b,https://github.com/curl/curl/pull/5799,libssh2: s/ssherr/sftperr/,SCP/SFTP,curl/curl,intra
https://api.github.com/repos/curl/curl/issues/5761,80d651541537433e1363f7b4ba7497b08d0fb53f,https://github.com/curl/curl/issues/5761,"""Test requires default test server host and port"" for any test run",tests,curl/curl,intra
https://api.github.com/repos/curl/curl/issues/5747,9c76f694de1765152e0b349cd55baad5a501f55b,https://github.com/curl/curl/issues/5747,CURLMOPT_SOCKETFUNCTION called before CURLOPT_OPENSOCKETFUNCTION,"needs-info,KNOWN_BUGS material,libcurl API",curl/curl,intra
https://api.github.com/repos/curl/curl/issues/5725,9c845be2797e2047547ec247cb037471aeb48bb0,https://github.com/curl/curl/issues/5725,Setting and unsetting CURLOPT_NOBODY causes hang,"HTTP,libcurl API",curl/curl,intra
https://api.github.com/repos/curl/curl/issues/5717,9c845be2797e2047547ec247cb037471aeb48bb0,https://github.com/curl/curl/issues/5717,CURLOPT_NOBODY became order-dependent in 7.71.0,"regression,HTTP,libcurl API",curl/curl,intra
https://api.github.com/repos/curl/curl/issues/5601,ed35d6590e72c23c568af1e3b8ac6e4e2d883888,https://github.com/curl/curl/issues/5601,"curl_easy_escape used to accept empty string arguments, now returns error code","regression,libcurl API",curl/curl,intra
https://api.github.com/repos/curl/curl/issues/5582,46e164069d1a5230e4e64cbd2ff46c46cce056bb,https://github.com/curl/curl/issues/5582,Password containing newline fails when following http 302,"HTTP,authentication",curl/curl,intra
https://api.github.com/repos/curl/curl/issues/5483,c712009838f44211958854de431315586995bc61,https://github.com/curl/curl/issues/5483,find: unrecognized: -execdir PR buildconf: use find -execdir / busybox find,build,curl/curl,intra
https://api.github.com/repos/curl/curl/issues/5465,f31760e63b4e9ef1eb25f8f211390f8239388515,https://github.com/curl/curl/pull/5465,"Revert ""ssh: ignore timeouts during disconnect""","memory-leak,regression,SCP/SFTP",curl/curl,intra
https://api.github.com/repos/curl/curl/issues/5454,308c243db5b7425b454a981d4c0eb7bfac374b8b,https://github.com/curl/curl/issues/5454,macOS: FTP + DoH fails with '(15) Could not DOH-resolve: {IPv4-address}',name lookup,curl/curl,intra
https://api.github.com/repos/curl/curl/issues/5367,148534db57dda611cf8516e92e4d6e35fc1e5074,https://github.com/curl/curl/issues/5367,CURLOPT_SSL_OPTIONS: add *_NATIVE_CA broke Appveyor CI,build,curl/curl,intra
https://api.github.com/repos/curl/curl/issues/5362,ace6ae4d0eb35eda85dbd076e76b1f34a52ebb06,https://github.com/curl/curl/issues/5362,curl fails to build with Quiche with updated qlog feature flag,not-a-bug,curl/curl,intra
https://api.github.com/repos/curl/curl/issues/5344,47066036a084a9ba0caf46db24072a429c44fabb,https://github.com/curl/curl/issues/5344,libcurl does not recognize [::] as a valid IPv6 address,"connecting & proxies,URL",curl/curl,intra
https://api.github.com/repos/curl/curl/issues/5241,5e855bbd18f84a02c951be7cac6188276818cdac,https://github.com/curl/curl/pull/5241,mqttd: s/errno/SOCKERRNO,tests,curl/curl,intra
https://api.github.com/repos/curl/curl/issues/5131,7631f2b752a00680ac16742753dd7bd78c3a32ac,https://github.com/curl/curl/issues/5131,JSON test 970 failing in autobuilds,tests,curl/curl,intra
https://api.github.com/repos/curl/curl/issues/5120,fc59a9e18f21c8dc95ead90ef67946f18d555087,https://github.com/curl/curl/issues/5120,#NAME?,cmdline tool,curl/curl,intra
https://api.github.com/repos/mpv-player/mpv/issues/10326,3d459832a88a9bd2835b339cf6ca98f84aad0115,https://github.com/mpv-player/mpv/issues/10326,mpv performance is bad with --gpu-context=x11vk or --gpu-api=vulkan,os:linux,mpv-player/mpv,inter
https://api.github.com/repos/mpv-player/mpv/issues/9971,20c4036daa680ebf9d379c9a7566bcf3ae12d405,https://github.com/mpv-player/mpv/issues/9971,meson: mpv_stream_cb_add_ro not exported,core:waf,mpv-player/mpv,intra
https://api.github.com/repos/mpv-player/mpv/issues/9932,b1fb4b783bd604ffb763e88a7cee2ad9d9c2c209,https://github.com/mpv-player/mpv/issues/9932,MPV can only play video at 100x speed. How to adjust 200X speed and 300X speed?,os:linux,mpv-player/mpv,intra
https://api.github.com/repos/mpv-player/mpv/issues/9928,b1fb4b783bd604ffb763e88a7cee2ad9d9c2c209,https://github.com/mpv-player/mpv/issues/9928,Subtitles don't move to the visible portion of the video in vo=gpu-next,os:win,mpv-player/mpv,intra
https://api.github.com/repos/mpv-player/mpv/issues/9923,b1fb4b783bd604ffb763e88a7cee2ad9d9c2c209,https://github.com/mpv-player/mpv/issues/9923,vo_gpu-next: incorrect subtitle's presentation in default screenshot mode,"os:win,vo:gpu-next",mpv-player/mpv,intra
https://api.github.com/repos/mpv-player/mpv/issues/9781,8087e3371f8ffbdc8ddcbc0445392b0480ef02a4,https://github.com/mpv-player/mpv/issues/9781,[vo=gpu-next] --tone-mapping-mode=hybrid near black behaviour,vo:gpu-next,mpv-player/mpv,intra
https://api.github.com/repos/mpv-player/mpv/issues/9723,ef1d0b2cdb43121f0138dfb39f516aee9d7314ad,https://github.com/mpv-player/mpv/issues/9723,Auto resize issue with video size equal or bigger than screen resolution v.2,os:win,mpv-player/mpv,intra
https://api.github.com/repos/mpv-player/mpv/issues/9680,d09c73c7b2b0135cb24ab2173b3c4ee1c55840b0,https://github.com/mpv-player/mpv/issues/9680,gpu-next: failed initializing GPU context,"os:mac,vo:gpu-next",mpv-player/mpv,intra
https://api.github.com/repos/mpv-player/mpv/issues/9452,b66120a75d89a930a144cc8049954b8fbb55ad39,https://github.com/mpv-player/mpv/issues/9452,meson build fails with X11 (?) errors,os:linux,mpv-player/mpv,intra
https://api.github.com/repos/mpv-player/mpv/issues/9431,e992ebe1287e9183a51cc771e76de5bdf7e0626f,https://github.com/mpv-player/mpv/issues/9431,[Regression] vo_gpu fails on GLES 2 only systems,os:linux,mpv-player/mpv,intra
https://api.github.com/repos/mpv-player/mpv/issues/8890,fd8c673cfc1ee51f0bb05c8247a35d44003366da,https://github.com/mpv-player/mpv/issues/8890,Segfault while watching YouTube live stream,os:linux,mpv-player/mpv,intra
https://api.github.com/repos/mpv-player/mpv/issues/8801,257a2b9646e845ef801588e871b9859d30ebf99a,https://github.com/mpv-player/mpv/issues/8801,utils.file_info(...).ctime returns wrong timestamp,os:win,mpv-player/mpv,intra
https://api.github.com/repos/mpv-player/mpv/issues/8629,7621a028bf555c9ed0430501bc6eac2fa204114c,https://github.com/mpv-player/mpv/issues/8629,linux: re-add `--softvol` option,os:linux,mpv-player/mpv,intra
https://api.github.com/repos/mpv-player/mpv/issues/8422,719a435d3636c7b848b49f06e6a2ea55e7ee656a,https://github.com/mpv-player/mpv/issues/8422,Cache flushing when enabling or changing to another subtitle or audio track causing buffering and dropped frames,os:win,mpv-player/mpv,intra
https://api.github.com/repos/mpv-player/mpv/issues/8378,b8156a9a86ae4ff087b1b255c68a3ca38ec2d086,https://github.com/mpv-player/mpv/issues/8378,Interpolation turning on and off on 60 FPS YouTube video causing out-of-place frames,os:linux,mpv-player/mpv,intra
https://api.github.com/repos/mpv-player/mpv/issues/8167,5f49009849271ecd995f9f41e4eb2a36a0fc024a,https://github.com/mpv-player/mpv/issues/8167,"Apply incremental amounts of blur to the picture, with hotkeys",meta:feature-request,mpv-player/mpv,intra
https://api.github.com/repos/mpv-player/mpv/issues/8079,b74c09efbf7c6969fc053265f72cc0501b840ce1,https://github.com/mpv-player/mpv/issues/8079,Playback issues with --reset-on-next-file=pause,os:linux,mpv-player/mpv,intra
https://api.github.com/repos/mpv-player/mpv/issues/8026,7a7a0a78b518180bfb48a42e23acac6c801ed5cf,https://github.com/mpv-player/mpv/issues/8026,Video playback position keeps progressing in background when started with --pause,ao:pulse,mpv-player/mpv,intra
https://api.github.com/repos/mpv-player/mpv/issues/7898,cdaa496314f90412963f2b3211e18df72910066d,https://github.com/mpv-player/mpv/issues/7898,Replace wm4 with a sane maintainer,meta:question,mpv-player/mpv,intra
https://api.github.com/repos/mpv-player/mpv/issues/7819,fcf0b80dc9dd3ed29e45451bda6315ce0c2b4729,https://github.com/mpv-player/mpv/issues/7819,MPV on windows restart playbacks in paused status,os:win,mpv-player/mpv,intra
https://api.github.com/repos/mpv-player/mpv/issues/7512,d852ad2ae76c97fce710e41064c863842db87035,https://github.com/mpv-player/mpv/issues/7512,[master branch] Could not initialize Lua when luajit < 2.1.0 installed on macOS Catalina,core:waf,mpv-player/mpv,intra
https://api.github.com/repos/mpv-player/mpv/issues/7505,679e4108f29db061e85687af18f0e013c067f59b,https://github.com/mpv-player/mpv/issues/7505,rst2pdf failure,"down-upstream,priority:wontfix,os:linux",mpv-player/mpv,intra
https://api.github.com/repos/mpv-player/mpv/issues/6470,f2e7e81bda653c1f2cb3b27cf867e9195d184ddc,https://github.com/mpv-player/mpv/issues/6470,"macOS: build fails with swift errors (workaround included), update Swift 3 to 4/5",os:mac,mpv-player/mpv,intra
https://api.github.com/repos/mpv-player/mpv/issues/6036,a17456608c0eb8dce61951b1beb0cd64e29a0f0a,https://github.com/mpv-player/mpv/issues/6036,Fails to build mpv 0.29 on OS X: framework not found AppKit,os:mac,mpv-player/mpv,intra
https://api.github.com/repos/mpv-player/mpv/issues/5771,c176f1169f356059ee6e3c447e4546fcdb335ec2,https://github.com/mpv-player/mpv/issues/5771,build scripts: set MACOSX_DEPLOYMENT_TARGET env var for OS X builds,"os:mac,down-upstream",mpv-player/mpv,intra
https://api.github.com/repos/mpv-player/mpv/issues/5631,12b90e744dd220a3386a8977138fba28708c8d21,https://github.com/mpv-player/mpv/issues/5631,Latest mpv (12b90e) cannot render on integrated Intel-GPU anymore,os:mac,mpv-player/mpv,intra
https://api.github.com/repos/mpv-player/mpv/issues/5405,a5f53da229f0f3f5b7e248c47061a67f6d61d81e,https://github.com/mpv-player/mpv/issues/5405,No video displayed with gpu video output on Raspberry Pi,platform:rpi,mpv-player/mpv,intra
https://api.github.com/repos/mpv-player/mpv/issues/4645,af6126adbe61fb2b6cc780025246d33df93072e6,https://github.com/mpv-player/mpv/issues/4645,Apple?€?s OpenAL implementation is useless; mpv should prefer openal-soft,os:mac,mpv-player/mpv,inter
https://api.github.com/repos/mpv-player/mpv/issues/4607,ad0d6caac76a0cff9e98912314e749c1fde32d98,https://github.com/mpv-player/mpv/issues/4607,Problem with ewa_* scalers,"os:mac,down-upstream:apple",mpv-player/mpv,intra
https://api.github.com/repos/mpv-player/mpv/issues/4444,a7f51f8fd48df7f04f47b515180338f8b9b78fed,https://github.com/mpv-player/mpv/issues/4444,Jack audio and rear/center mismapped channels,meta:question,mpv-player/mpv,intra
https://api.github.com/repos/mpv-player/mpv/issues/4382,bba08e38ff9842c4edf9da6a1d54066a01acd982,https://github.com/mpv-player/mpv/issues/4382,"Support --opengl-backend=backend1,backend2","meta:feature-request,priority:wontfix",mpv-player/mpv,intra
https://api.github.com/repos/mpv-player/mpv/issues/4321,3709ce6718bed8a113d141cdf5e8198f22f3c5f7,https://github.com/mpv-player/mpv/issues/4321,A/V Desync on seek via OSC but not via arrow keys? (mpvpipe),down-upstream,mpv-player/mpv,intra
https://api.github.com/repos/mpv-player/mpv/issues/4315,7497b633e9ffbc48cda46215b2d5b1194a3b3a5f,https://github.com/mpv-player/mpv/issues/4315,Crash when opening a file.,os:win,mpv-player/mpv,intra
https://api.github.com/repos/mpv-player/mpv/issues/4214,076116a0e5f00232f1b8dad2ab76926667b63adf,https://github.com/mpv-player/mpv/issues/4214,Vapoursynth R36 and mpv-git on Win64 initializing fails,down-upstream,mpv-player/mpv,intra
https://api.github.com/repos/mpv-player/mpv/issues/3357,77e1e8e38e7b8d9318dc1bb437a88d8f13b7a5c9,https://github.com/mpv-player/mpv/issues/3357,there's no interference between volume level and pulseaudio controls,priority:wontfix,mpv-player/mpv,inter
https://api.github.com/repos/mpv-player/mpv/issues/2910,b81036524a834ebf33d7ae520153be0062d3dae5,https://github.com/mpv-player/mpv/issues/2910,Chroma doubling?,meta:question,mpv-player/mpv,intra
https://api.github.com/repos/mpv-player/mpv/issues/2448,78caf6ae8634b9fe9589187d8febb927dce2ddeb,https://github.com/mpv-player/mpv/issues/2448,mpv + youtube-dl on Windows?,os:win,mpv-player/mpv,intra
https://api.github.com/repos/mpv-player/mpv/issues/1328,73b7d4516bd2b4b06610b16de879e5b7c2cbd7ee,https://github.com/mpv-player/mpv/issues/1328,HEAD version not triggering NSWorkspaceDidLaunchApplicationNotification through CLI,"os:mac,priority:low,priority:stalled",mpv-player/mpv,intra
https://api.github.com/repos/mpv-player/mpv/issues/978,bf5b1e9a0517b357b93ffaef7b6d96ad8b9917b0,https://github.com/mpv-player/mpv/issues/978,#NAME?,"meta:info-needed,os:win",mpv-player/mpv,intra
https://api.github.com/repos/systemd/systemd/issues/23783,9817b7dbc9294d86973e0e42150315955edf9d38,https://github.com/systemd/systemd/issues/23783,"Systemd-boot: ""Short read while reading DOS header, refusing.""",sd-boot,systemd/systemd,intra
https://api.github.com/repos/systemd/systemd/issues/23769,adefc8789b63225662e50ceaa282f9553b5c64eb,https://github.com/systemd/systemd/issues/23769,Make possible to disable shutdown wall messages,"login,already-fixed",systemd/systemd,intra
https://api.github.com/repos/systemd/systemd/issues/23621,0bd292567a543d124cd303f7dd61169a209cae64,https://github.com/systemd/systemd/pull/23621,ci: build systemd with clang with -Dmode=release --optimization=2,"util-lib,ci",systemd/systemd,intra
https://api.github.com/repos/systemd/systemd/issues/23586,51d9aec0ff333ff554079da4babf6dbfa9837096,https://github.com/systemd/systemd/issues/23586,Udev: User-added rules don't work as before.,"udev,pid1,not-a-bug",systemd/systemd,intra
https://api.github.com/repos/systemd/systemd/issues/23529,76b1274a5cb54acaa4a0f0c2e570d751f9067c06,https://github.com/systemd/systemd/pull/23529,Don't linebreak after each initrd in kernel-install verbose mode,kernel-install,systemd/systemd,intra
https://api.github.com/repos/systemd/systemd/issues/23448,1ab191b3a95cd511e630e24555ed50205d1ed220,https://github.com/systemd/systemd/issues/23448,portabled crashes in extension_release_validate when directories are passed to portablectl,"bug ????,portable",systemd/systemd,intra
https://api.github.com/repos/systemd/systemd/issues/23121,cd3c6322dbc6370448bafc216ee4e19e32a79d9e,https://github.com/systemd/systemd/pull/23121,compression: add separate pre-processor definitions,"journal,good-to-merge/waiting-for-ci ????",systemd/systemd,intra
https://api.github.com/repos/systemd/systemd/issues/23118,2362fdde1bd4bf54772383ef29431f683729ba76,https://github.com/systemd/systemd/pull/23118,nspawn: fix --ephemeral with --machine,nspawn,systemd/systemd,intra
https://api.github.com/repos/systemd/systemd/issues/22953,93e04eb43bed6cd1cea344f8fb1002b62155fae2,https://github.com/systemd/systemd/pull/22953,test: several fixlets for test-sd-device,"tests,sd-device,good-to-merge/waiting-for-ci ????",systemd/systemd,intra
https://api.github.com/repos/systemd/systemd/issues/22763,1cf4ed142d6c1e2b9dc6a0bc74b6a83ae30b0f8e,https://github.com/systemd/systemd/issues/22763,Setting DuplicateAddressDetection=none doesn't disable DAD for link-local IPs,"network,regression ??????",systemd/systemd,intra
https://api.github.com/repos/systemd/systemd/issues/22635,faacf1807e8fcbee4bf60495e0145e4522d76393,https://github.com/systemd/systemd/issues/22635,Removal of SD_TPM_PCR option breaks grub + sd-stub set-ups,"needs-discussion ????,sd-boot",systemd/systemd,intra
https://api.github.com/repos/systemd/systemd/issues/22511,599be274c13c503806c85073d7beb1a155ac27bd,https://github.com/systemd/systemd/issues/22511,`systemd-detect-virt` giving incorrect result for non-nested Xen Dom0,"regression ??????,detect-virt",systemd/systemd,intra
https://api.github.com/repos/systemd/systemd/issues/22437,ce7de0ba8ef355c5119e7dffc46e075b257dc90d,https://github.com/systemd/systemd/issues/22437,"user services trigger ""writing oom_score_adj error: Permission denied""","bug ????,not-our-bug,regression ??????",systemd/systemd,intra
https://api.github.com/repos/systemd/systemd/issues/22420,26a63b81322a3bd8b9fbd43f75897c391708de2c,https://github.com/systemd/systemd/pull/22420,tests: also fuzz packets sent in the DHCP6_STATE_SOLICITATION state,"network,tests",systemd/systemd,intra
https://api.github.com/repos/systemd/systemd/issues/22035,613701a4e88b3fbf9d0f7901fea62ed0016d8862,https://github.com/systemd/systemd/issues/22035,"""udevadm test-builtin net_setup_link /sys/class/net/ens3"" has two error messages.","udev,already-fixed",systemd/systemd,intra
https://api.github.com/repos/systemd/systemd/issues/22020,41d1f469cf10f5f3e9cb4f4853ace9b0cfe5beae,https://github.com/systemd/systemd/issues/22020,Reads of /proc/cmdline by login and potentially other programs,nss,systemd/systemd,intra
https://api.github.com/repos/systemd/systemd/issues/21913,15b9243c0d7f6d1531fa65dbc01bd11e8e6c12ca,https://github.com/systemd/systemd/pull/21913,core: do not touch /run/systemd/systemd-units-load from user session instances,"pid1,quick-review ?????€???????",systemd/systemd,intra
https://api.github.com/repos/systemd/systemd/issues/21906,c1631ee124a30abfb9c71e2a1534b8afffc3b6a7,https://github.com/systemd/systemd/pull/21906,chrattr-util: return EOPNOTSUPP from chrattr_full if no other failure was observed,tmpfiles,systemd/systemd,intra
https://api.github.com/repos/systemd/systemd/issues/21759,34357545590d4791d1acbbeb07ae8f7636e187cb,https://github.com/systemd/systemd/pull/21759,man: do not install sd-boot man pages when -Dgnu-efi=false is set,"documentation,good-to-merge/waiting-for-ci ????",systemd/systemd,intra
https://api.github.com/repos/systemd/systemd/issues/21665,294eace024b0e6c34cb64e3bb4f8958bb98ee00b,https://github.com/systemd/systemd/issues/21665,systemd-sysusers broken in initramfs,sysusers,systemd/systemd,intra
https://api.github.com/repos/systemd/systemd/issues/21484,196dedd50300e600a0b053af46fdcde6cb2c3034,https://github.com/systemd/systemd/issues/21484,missing bash completion for journalctl --facility,shell completion,systemd/systemd,intra
https://api.github.com/repos/systemd/systemd/issues/21468,506bbc8569014253ea8614b680ccbc4fc2513a87,https://github.com/systemd/systemd/issues/21468,"systemd-detect-virt falsely detects ""Microsoft"" virtualisation","bug ????,detect-virt",systemd/systemd,intra
https://api.github.com/repos/systemd/systemd/issues/21297,8d3e4ac7cd37200d1431411a4b98925a24b7d9b3,https://github.com/systemd/systemd/issues/21297,systemd-run --scope --user fails in systemd 249.6,pid1,systemd/systemd,intra
https://api.github.com/repos/systemd/systemd/issues/20825,25d6213b4331e9cbf355f4e851fc5b4ee2ae4c0f,https://github.com/systemd/systemd/issues/20825,libsystemd-network: inappropriate assertion in ipv4acd_on_packet() --> crash on incoming ARP packet,"bug ????,network",systemd/systemd,intra
https://api.github.com/repos/systemd/systemd/issues/20622,6bbae9f8b33081b3647b7314497067e78363adc1,https://github.com/systemd/systemd/issues/20622,"repart: Assertion 'left >= p->new_size' failed at src/partition/repart.c:918, function context_place_partitions(). Aborting.","bug ????,repart",systemd/systemd,intra
https://api.github.com/repos/systemd/systemd/issues/20570,e0e789c1e97e2cdf1cafe0c6b7d7e43fa054f151,https://github.com/systemd/systemd/issues/20570,"udevadm test-builtin net_setup_link -- Could not apply link configuration, ignoring: No such file or directory","udev,already-fixed",systemd/systemd,intra
https://api.github.com/repos/systemd/systemd/issues/20212,30f6dce62cb3a738b20253f2192270607c31b55b,https://github.com/systemd/systemd/issues/20212,[udev] identically named partitions trigger pathological performance in link_update() & link_find_prioritized(),"udev,scalability",systemd/systemd,intra
https://api.github.com/repos/systemd/systemd/issues/20137,f4b2933ee7890e5d414ab266d8586f19027a2bd9,https://github.com/systemd/systemd/pull/20137,man: correct return value of sd_bus_open_with_description,"documentation,sd-bus,quick-review ?????€???????",systemd/systemd,intra
https://api.github.com/repos/systemd/systemd/issues/20075,6720e356c137,https://github.com/systemd/systemd/pull/20075,"core: when recursively bind-remounting nested mounts, use options from top one",pid1,systemd/systemd,intra
https://api.github.com/repos/systemd/systemd/issues/20037,fdfcb946315a119c5201f1223a8c983e2df3c25c,https://github.com/systemd/systemd/issues/20037,Incorrect documentation regarding DynamicUser and StateDirectory,"bug ????,documentation",systemd/systemd,intra
https://api.github.com/repos/systemd/systemd/issues/19559,deb2cfa4c6885d448eb1f17e5ef1b139106b7e86,https://github.com/systemd/systemd/issues/19559,systemd-networkd: bridge MAC,"udev,network",systemd/systemd,intra
https://api.github.com/repos/systemd/systemd/issues/19415,7b17a7d72f5ba5ad838b19803534c56a46f3bce9,https://github.com/systemd/systemd/pull/19415,Include user journal in journal-gateway output,"journal-remote,please-review",systemd/systemd,intra
https://api.github.com/repos/systemd/systemd/issues/19405,bda625730dcf861842c0e26c8a05ed4510162298,https://github.com/systemd/systemd/pull/19405,logind:add missing equal sign,login,systemd/systemd,intra
https://api.github.com/repos/systemd/systemd/issues/19377,5efbd0bf897a990ebe43d7dc69141d87c404ac9a,https://github.com/systemd/systemd/issues/19377,regression:  systemd-gpt-auto-generator[pid]: Failed to dissect: Connection timed out,"gpt-auto,dissect",systemd/systemd,intra
https://api.github.com/repos/systemd/systemd/issues/19044,2c7039b3169d736a98ca1cb1e03129f12c2ab6ed,https://github.com/systemd/systemd/issues/19044,'systemd-run --slice-inherit' missing bash/zsh completion,"RFE ????,shell completion",systemd/systemd,intra
https://api.github.com/repos/systemd/systemd/issues/18671,292420ce4b2ecac521d9016ed2ad99dabd8e5049,https://github.com/systemd/systemd/issues/18671,github actions bot labeler malfunctioning,ci,systemd/systemd,intra
https://api.github.com/repos/systemd/systemd/issues/18385,acf7f253dedbca7ba5edada37d11221a47101ee3,https://github.com/systemd/systemd/pull/18385,Add RestrictNetworkInterfaces=,"pid1,systemctl,good-to-merge/waiting-for-ci ????",systemd/systemd,intra
https://api.github.com/repos/systemd/systemd/issues/18259,be2ea723b1d023b3d385d3b791ee4607cbfb20ca,https://github.com/systemd/systemd/issues/18259,udev: Processing firmware loading events can be too late,udev,systemd/systemd,intra
https://api.github.com/repos/systemd/systemd/issues/18206,532056696bc6d12dcb8291c812fc02175ff4453e,https://github.com/systemd/systemd/pull/18206,sd-bus: Async properties callbacks,"sd-bus,needs-reporter-feedback ???",systemd/systemd,intra
https://api.github.com/repos/systemd/systemd/issues/18025,3c229a9afb670025a3c1792bf5ac233b5a566ec5,https://github.com/systemd/systemd/issues/18025,"systemd-resolved broken since commit ""nss-resolve: varlink_call() set error_id only when r >= 0""","resolve,regression ??????,downstream/fedora,downstream/arch",systemd/systemd,intra
https://api.github.com/repos/systemd/systemd/issues/18003,5e0534f1c13cd50ec2b143a8b18156cd37e502f7,https://github.com/systemd/systemd/issues/18003,networkd: IPv6PrivacyExtensions=kernel doesn't honor kernel setting,network,systemd/systemd,intra
https://api.github.com/repos/systemd/systemd/issues/17934,1ad6056239b70ce69ea70108cf4e49a05a9c2a1d,https://github.com/systemd/systemd/pull/17934,Support gcc 8 on armhf,"sd-boot,good-to-merge/waiting-for-ci ????,meson",systemd/systemd,intra
https://api.github.com/repos/systemd/systemd/issues/8928,b9fe94cad99968a58e169592d999306fd059eb14,https://github.com/systemd/systemd/issues/8928,Description of routing lookup requests in systemd related man pages is unclear,"resolve,documentation",systemd/systemd,inter
https://api.github.com/repos/systemd/systemd/issues/2258,784d9b9c09aa1ecdc688f251ea423fb47892f498,https://github.com/systemd/systemd/issues/2258,src/libsystemd-network/sd-dhcp-lease.c filters out ?€?localhost?€? DHCP search domain,network,systemd/systemd,intra
https://api.github.com/repos/systemd/systemd/issues/2016,03a7b521e3ffb7f5d153d90480ba5d4bc29d1e8f,https://github.com/systemd/systemd/issues/2016,RFE: allow nspawn 228 to work with machined 227,"RFE ????,nspawn,machine",systemd/systemd,intra
https://api.github.com/repos/systemd/systemd/issues/1949,45f06b3450174a9649a51a0b48fdbbbe98f2bb5d,https://github.com/systemd/systemd/issues/1949,Documentation Should Include Version Numbers,"RFE ????,documentation,duplicate",systemd/systemd,intra
https://api.github.com/repos/systemd/systemd/issues/1555,d8fc6a000fe21b0c1ba27fbfed8b42d00b349a4b,https://github.com/systemd/systemd/issues/1555,nspawn-v227: cannot mount /sys with private users but without private net,"bug ????,nspawn",systemd/systemd,intra
https://api.github.com/repos/systemd/systemd/issues/792,b80120c4cba7d134b5437a58437a23fdf7ab2084,https://github.com/systemd/systemd/issues/792,logind: version >= 222 breaks second login with GDM and LXDM,"bug ????,login",systemd/systemd,intra
https://api.github.com/repos/systemd/systemd/issues/685,f2273101c21bc59a390379e182e53cd4f07a7e71,https://github.com/systemd/systemd/issues/685,"machined: improve error message when ""machinectl login"" is used on a container without dbus inside",machine,systemd/systemd,intra
https://api.github.com/repos/systemd/systemd/issues/629,3a92e4ba470611ceec6693640b05eb248d62e32d,https://github.com/systemd/systemd/issues/629,Setting NOCOW attribute fails systemd-tmpfiles,tmpfiles,systemd/systemd,intra
https://api.github.com/repos/yugabyte/yugabyte-db/issues/12804,4e111891e10f1b3ecfe199f151c86ac2b2f69659,https://github.com/yugabyte/yugabyte-db/issues/12804,[YSQL] FK constraint check failed to read rows written by buffered operations,"kind/bug,area/ysql,priority/medium",yugabyte/yugabyte-db,intra
https://api.github.com/repos/yugabyte/yugabyte-db/issues/12701,d94ebef4b2e78f08158c3bd734ec3e350ff922fa,https://github.com/yugabyte/yugabyte-db/issues/12701,[DocDB][regression]  Unable to restore as YSQL upgrade issue while trying to restore snapshot,"kind/bug,area/docdb,priority/high",yugabyte/yugabyte-db,intra
https://api.github.com/repos/yugabyte/yugabyte-db/issues/12443,73a3ca42ed0dfe7fa71de6f86777e18f5b4d7ab7,https://github.com/yugabyte/yugabyte-db/pull/12443,[docs] Add documentation for yb-ts-cli reload_certificates,area/documentation,yugabyte/yugabyte-db,intra
https://api.github.com/repos/yugabyte/yugabyte-db/issues/12426,4b8fa12543ed3696cd4c750d52b333df496d7fec,https://github.com/yugabyte/yugabyte-db/issues/12426,[Memory Leak in Unit Test] CDCSDKYsqlTest.TestGarbageCollectionWithSmallInterval,"kind/bug,area/docdb,priority/medium,status/awaiting-triage",yugabyte/yugabyte-db,intra
https://api.github.com/repos/yugabyte/yugabyte-db/issues/12253,9da48087e937cc5d21110b733f1b206be2be5630,https://github.com/yugabyte/yugabyte-db/issues/12253,[YSQL] Postgres process consumes too much memory on cache refresh,"kind/bug,area/ysql,status/awaiting-triage",yugabyte/yugabyte-db,intra
https://api.github.com/repos/yugabyte/yugabyte-db/issues/11911,32007863a784e3d228a4e51709357f634ad12dc2,https://github.com/yugabyte/yugabyte-db/issues/11911,[YSQL] Wrong offset when preparing fast path update ,"kind/bug,area/ysql",yugabyte/yugabyte-db,intra
https://api.github.com/repos/yugabyte/yugabyte-db/issues/11846,4c44705514f01e9135fc49b6912ad695f50d5d64,https://github.com/yugabyte/yugabyte-db/issues/11846,[DocDB] PITR: Disable restoring to before a run of ysql_upgrade,"kind/bug,area/docdb,priority/medium",yugabyte/yugabyte-db,intra
https://api.github.com/repos/yugabyte/yugabyte-db/issues/11655,dc901055bb95bf46dabe66e8d4598a635fa24b78,https://github.com/yugabyte/yugabyte-db/issues/11655,[DocDB] Handling tablet drive failures,area/docdb,yugabyte/yugabyte-db,intra
https://api.github.com/repos/yugabyte/yugabyte-db/issues/11494,92add377671d51618fcb08d477990f19ededd625,https://github.com/yugabyte/yugabyte-db/issues/11494,[DocDB] Enable Snapshot Throttling By Default,area/docdb,yugabyte/yugabyte-db,intra
https://api.github.com/repos/yugabyte/yugabyte-db/issues/11361,1d2bc9211dfe1ba234f6943b3b4c2f4a9820414d,https://github.com/yugabyte/yugabyte-db/issues/11361,[DocDB] Fix flaky AutomaticTabletSplitting tests,area/docdb,yugabyte/yugabyte-db,intra
https://api.github.com/repos/yugabyte/yugabyte-db/issues/11335,5c229b380df6da86dc8e541c0ec28900fce08ce2,https://github.com/yugabyte/yugabyte-db/issues/11335,[docdb] Restore should return an error if it hits max number of retries,area/docdb,yugabyte/yugabyte-db,intra
https://api.github.com/repos/yugabyte/yugabyte-db/issues/10860,d29f73f818de303531034abb4b6599666d6d57b0,https://github.com/yugabyte/yugabyte-db/issues/10860,[Platform][Kubernetes] Zone configurations are overwritten when kubeconfig is not provided,"area/kubernetes,area/platform",yugabyte/yugabyte-db,intra
https://api.github.com/repos/yugabyte/yugabyte-db/issues/10737,0c1c27a49f90fcd22976b5f9395a046fa72bafe1,https://github.com/yugabyte/yugabyte-db/issues/10737,[backup][YSQL] yb_backup can fail due to absence of '--masters' argument for ysql_dump. ,"kind/bug,area/ysql,area/platform",yugabyte/yugabyte-db,intra
https://api.github.com/repos/yugabyte/yugabyte-db/issues/10543,790bbf84bb30baeb8c882b02bb39caf454a8d726,https://github.com/yugabyte/yugabyte-db/issues/10543,[YCQL] Allow NULL in filtering clauses WHERE/IF in SELECT statement.,"kind/enhancement,area/ycql,2.6 Backport Required,2.8 Backport Required",yugabyte/yugabyte-db,intra
https://api.github.com/repos/yugabyte/yugabyte-db/issues/9934,571a9596c51d24af50070af904ca1e52431324e2,https://github.com/yugabyte/yugabyte-db/issues/9934,Fix flaky test LoadBalancerMultiTableTest.GlobalLoadBalancing,area/docdb,yugabyte/yugabyte-db,intra
https://api.github.com/repos/yugabyte/yugabyte-db/issues/9826,a70ab64b07f4fcaf658805c71e595ec5a7f781de,https://github.com/yugabyte/yugabyte-db/issues/9826,[YCQL] Fix timeout error in org.yb.cql.TestBigNumShards#testDropTableTimeout. ,area/ycql,yugabyte/yugabyte-db,intra
https://api.github.com/repos/yugabyte/yugabyte-db/issues/9766,80b8598cf31ed9eb764c2d2664c328a91106b859,https://github.com/yugabyte/yugabyte-db/issues/9766,[DocDB] Fix flaky test PgMiniTest.BigReadWithCompaction,"kind/failing-test,area/docdb",yugabyte/yugabyte-db,intra
https://api.github.com/repos/yugabyte/yugabyte-db/issues/9749,a0710be7bd0b19b08274b0f2a7647ba1b1537df7,https://github.com/yugabyte/yugabyte-db/issues/9749,Fix flaky test TabletSplitExternalMiniClusterITest.RemoteBootstrapsFromNodeWithUncommittedSplitOp,"kind/bug,kind/failing-test,area/docdb",yugabyte/yugabyte-db,intra
https://api.github.com/repos/yugabyte/yugabyte-db/issues/9476,b9398452a93c0f0e8b26d56c181a60588f1dab6b,https://github.com/yugabyte/yugabyte-db/issues/9476,[docdb] Use EncryptedEnv instead of Env on MiniCluster,area/docdb,yugabyte/yugabyte-db,intra
https://api.github.com/repos/yugabyte/yugabyte-db/issues/9205,4a6b257c69414d16ad255eb8f126f35db9ff1449,https://github.com/yugabyte/yugabyte-db/issues/9205,[Platform] Health check parse is failing on universe overview page,area/platform,yugabyte/yugabyte-db,intra
https://api.github.com/repos/yugabyte/yugabyte-db/issues/8942,49799cc1d8d7fdbac8361f0dd7801e6bd5c1ed72,https://github.com/yugabyte/yugabyte-db/issues/8942,[DOCS] Need documentation to include information on new cipher_flags feature ,"area/documentation,priority/high",yugabyte/yugabyte-db,intra
https://api.github.com/repos/yugabyte/yugabyte-db/issues/8587,eec613568e5e2f4fd5865aafb9d8fc3c40599cb0,https://github.com/yugabyte/yugabyte-db/issues/8587,[Platform] Lint check for missing whitespace formatting for *.java files,area/tools,yugabyte/yugabyte-db,intra
https://api.github.com/repos/yugabyte/yugabyte-db/issues/7627,5e38f6bcc2b35d042a41df2b9e9cd03d27d32c00,https://github.com/yugabyte/yugabyte-db/issues/7627,[Platform] GCP universe creation fails when airgap setting is enabled in provider,"priority/high,area/platform,2.4 Backport Completed",yugabyte/yugabyte-db,intra
https://api.github.com/repos/yugabyte/yugabyte-db/issues/7161,ab0adaad658dc68a837aa8e6d8322d084e056914,https://github.com/yugabyte/yugabyte-db/issues/7161,[Platform UI] Not able to change the default volume size during universe creation,"area/kubernetes,area/platform",yugabyte/yugabyte-db,intra
https://api.github.com/repos/yugabyte/yugabyte-db/issues/7024,ad3a72ae2f48f5f9641305bc565e1345169903a1,https://github.com/yugabyte/yugabyte-db/issues/7024,[Platform][Bug] Unable to edit number of nodes in Availability Zones section,"kind/bug,area/ui,priority/critical,area/platform,team/platform-hi",yugabyte/yugabyte-db,intra
https://api.github.com/repos/yugabyte/yugabyte-db/issues/6899,7a8ddfacd120918ba8d71895f84e3eb04847b75c,https://github.com/yugabyte/yugabyte-db/issues/6899,[Platform] Fix broken unit tests,area/platform,yugabyte/yugabyte-db,intra
https://api.github.com/repos/yugabyte/yugabyte-db/issues/6635,bd9f7aa511ff1affa34bf0b57e460678c146f2e1,https://github.com/yugabyte/yugabyte-db/issues/6635,[docdb] Wrong preceding op id is sent after empty update consensus,"kind/bug,area/docdb",yugabyte/yugabyte-db,intra
https://api.github.com/repos/yugabyte/yugabyte-db/issues/6136,bba4ab7dace0436295b038e9fc2adc458197eec9,https://github.com/yugabyte/yugabyte-db/issues/6136,`Using Client specified timeouts for rpcs` not merged to yugabyte 2.3,area/ysql,yugabyte/yugabyte-db,intra
https://api.github.com/repos/yugabyte/yugabyte-db/issues/6000,f379afc167d5ba5d6546d0ee333db7b3d155760f,https://github.com/yugabyte/yugabyte-db/pull/6000,[docs] Disable previous and next buttons,area/documentation,yugabyte/yugabyte-db,intra
https://api.github.com/repos/yugabyte/yugabyte-db/issues/5810,ccd9a1106ade392e18cd46bd5d02c3889028e0d9,https://github.com/yugabyte/yugabyte-db/issues/5810,[YW][backup] Backup of YB nodes running < 2.1.4 fails,"area/docdb,area/platform,2.2 Backport Required",yugabyte/yugabyte-db,intra
https://api.github.com/repos/yugabyte/yugabyte-db/issues/5789,1b5e70dadc7e1fbf7eae9907fd9d49f5b1a79f7b,https://github.com/yugabyte/yugabyte-db/issues/5789,[docdb] SnapshotTxnTest.MultiWriteWithRestartAndLongApply more flaky in master,"kind/failing-test,area/docdb",yugabyte/yugabyte-db,intra
https://api.github.com/repos/yugabyte/yugabyte-db/issues/5788,1b5e70dadc7e1fbf7eae9907fd9d49f5b1a79f7b,https://github.com/yugabyte/yugabyte-db/issues/5788,[docdb] BackupTxnTest.Consistency started being more flaky in master recently,"kind/failing-test,area/docdb",yugabyte/yugabyte-db,intra
https://api.github.com/repos/yugabyte/yugabyte-db/issues/5725,32b08f559be9cca9d76f9fb5bdf14da25d127e42,https://github.com/yugabyte/yugabyte-db/pull/5725,[docs] Add info on post_install.sh -e,area/documentation,yugabyte/yugabyte-db,intra
https://api.github.com/repos/yugabyte/yugabyte-db/issues/5724,12c23c0c4fb4034cce29a90ee74eb1d5fd8c1247,https://github.com/yugabyte/yugabyte-db/issues/5724,[YW] [Custom certs] Add host path specification to custom certs,area/platform,yugabyte/yugabyte-db,intra
https://api.github.com/repos/yugabyte/yugabyte-db/issues/5406,51be987f2ee41e995b4e5672e74a31c2660ca53a,https://github.com/yugabyte/yugabyte-db/issues/5406,[docdb] AreLeadersOnPreferredOnly times out in Platform when setting preferred zones,"area/docdb,area/platform",yugabyte/yugabyte-db,intra
https://api.github.com/repos/yugabyte/yugabyte-db/issues/5386,e9755c37a68695d258838f598849bda1aa309c49,https://github.com/yugabyte/yugabyte-db/issues/5386,[ysql] PgLibPqTest.CacheRefreshRetryEnabled failing in ASAN,"area/ysql,kind/failing-test",yugabyte/yugabyte-db,intra
https://api.github.com/repos/yugabyte/yugabyte-db/issues/5069,f28a609fa85e96f3e1f228e58dd0c06353b7e2c0,https://github.com/yugabyte/yugabyte-db/issues/5069,yugabyted start --ui=true fails to bring up the java webserver,area/platform,yugabyte/yugabyte-db,intra
https://api.github.com/repos/yugabyte/yugabyte-db/issues/5044,8246ca498c33ae45de437475e2b8f37e87bb2847,https://github.com/yugabyte/yugabyte-db/issues/5044,[YSQL] [Index Backfill] TestIndexBackfill failing,"area/ysql,kind/failing-test",yugabyte/yugabyte-db,intra
https://api.github.com/repos/yugabyte/yugabyte-db/issues/4979,4142c34e69306fe2e59cf4ae188fd03a71ed0862,https://github.com/yugabyte/yugabyte-db/issues/4979,[docd][test] Flaky asan tests after removing single RPC timeout,"kind/failing-test,area/docdb",yugabyte/yugabyte-db,intra
https://api.github.com/repos/yugabyte/yugabyte-db/issues/4940,1c3b192190ee064559f469fbc9ddf76b9745ed0f,https://github.com/yugabyte/yugabyte-db/issues/4940,[docdb][test] OptionsSanityCheckTest.SanityCheck failing in ASAN,"kind/failing-test,area/docdb",yugabyte/yugabyte-db,intra
https://api.github.com/repos/yugabyte/yugabyte-db/issues/4685,e59649a23e44a7ab2169115e056869becc91b0a7,https://github.com/yugabyte/yugabyte-db/issues/4685,[YSQL] Fix crash for nested select with null on syscatalog tables,"kind/bug,area/ysql",yugabyte/yugabyte-db,intra
https://api.github.com/repos/yugabyte/yugabyte-db/issues/4658,642456d312186971d8349e210df8c0e304e1e2ad,https://github.com/yugabyte/yugabyte-db/issues/4658,Incorrectly formed IPv6 address in web ui when webserver_interface is 0.0.0.0 on mac,area/docdb,yugabyte/yugabyte-db,intra
https://api.github.com/repos/yugabyte/yugabyte-db/issues/4552,d28eca33fc13048a4a03d001882dd2e66bee6dce,https://github.com/yugabyte/yugabyte-db/issues/4552,[platform] Customer update call doesn't update SMTP data.,area/platform,yugabyte/yugabyte-db,intra
https://api.github.com/repos/yugabyte/yugabyte-db/issues/4197,c685bc41ee5993a14531e022267c1a1881422110,https://github.com/yugabyte/yugabyte-db/issues/4197,Increase default_memory_limit flags for azure ARM scripts,area/tools,yugabyte/yugabyte-db,intra
https://api.github.com/repos/yugabyte/yugabyte-db/issues/3985,2aa4f8a427e880c70ee5393142eddfe1cb36f61f,https://github.com/yugabyte/yugabyte-db/issues/3985,Add UI for getting cert files for TLS.,area/ui,yugabyte/yugabyte-db,intra
https://api.github.com/repos/yugabyte/yugabyte-db/issues/3750,317ef8ea4c6ee81549219e4ffef88e7d3223f1f6,https://github.com/yugabyte/yugabyte-db/issues/3750,[docdb] Multiple test failures on shutdown path due to ~MemTracker,"kind/failing-test,area/docdb",yugabyte/yugabyte-db,intra
https://api.github.com/repos/yugabyte/yugabyte-db/issues/3560,1040e720ec2bb8b7cd8b4937c98a7712fb6d5cc2,https://github.com/yugabyte/yugabyte-db/pull/3560,[DOCS] explain --cql_table_is_transactional_by_default,area/docdb,yugabyte/yugabyte-db,intra
https://api.github.com/repos/yugabyte/yugabyte-db/issues/3240,f98d4113b36c3db32a57fb7ec41cf77620f57d2c,https://github.com/yugabyte/yugabyte-db/issues/3240,[YSQL] Avoid using of PgDocOp from multiple threads,kind/enhancement,yugabyte/yugabyte-db,intra
https://api.github.com/repos/yugabyte/yugabyte-db/issues/2921,a95298fa6341736253ff4dda3614a244c52558f5,https://github.com/yugabyte/yugabyte-db/issues/2921,Index tables show up as system tables in master UI,kind/bug,yugabyte/yugabyte-db,intra
https://api.github.com/repos/yugabyte/yugabyte-db/issues/2909,b1127a05e3e4d4d62ac30de356a36ff33fa81602,https://github.com/yugabyte/yugabyte-db/issues/2909,[YSQL] Pre-create transaction status records,"kind/enhancement,area/ysql",yugabyte/yugabyte-db,intra
https://api.github.com/repos/yugabyte/yugabyte-db/issues/2877,9739e4a682bcddfd0f4cc9c45f63ce819936071c,https://github.com/yugabyte/yugabyte-db/issues/2877,[docdb] Add --certs_dir plumbing to yb-ts-cli ,"help wanted,good first issue,area/docdb",yugabyte/yugabyte-db,intra
https://api.github.com/repos/zephyrproject-rtos/zephyr/issues/46579,92f488497fb5bb7cf40fd027cae2a97d426b16a1,https://github.com/zephyrproject-rtos/zephyr/pull/46579,soc: arch: snps_arc_iot: select UART_NS16550_ACCESS_IOPORT,"bug,platform: Synopsys",zephyrproject-rtos/zephyr,intra
https://api.github.com/repos/zephyrproject-rtos/zephyr/issues/46383,aff6e8b2f773cfb848b4ca1394fadd7a1280e4c2,https://github.com/zephyrproject-rtos/zephyr/issues/46383,fatal error: sys/cbprintf_enums.h: No such file or directory,bug,zephyrproject-rtos/zephyr,intra
https://api.github.com/repos/zephyrproject-rtos/zephyr/issues/46355,0a758c36c864cc138941848f42c8ea4aa7dc95b3,https://github.com/zephyrproject-rtos/zephyr/issues/46355,Sample wifi_station not building for esp32: No SOURCES given to Zephyr library: drivers__ethernet,"bug,platform: ESP32",zephyrproject-rtos/zephyr,intra
https://api.github.com/repos/zephyrproject-rtos/zephyr/issues/46269,5c6aaf709c984cde322f03439f2fdc24b0a9f642,https://github.com/zephyrproject-rtos/zephyr/issues/46269, docs: include/zephyr/net/socket.h is not documented anywhere,"bug,priority: low,area: Documentation,area: Sockets",zephyrproject-rtos/zephyr,intra
https://api.github.com/repos/zephyrproject-rtos/zephyr/issues/46182,5d55730cf69dac7c8f99dcb17b04307cd050948c,https://github.com/zephyrproject-rtos/zephyr/pull/46182,[Backport v2.7-branch] drivers: can: m_can: fix alignmed issues,"bug,area: CAN",zephyrproject-rtos/zephyr,intra
https://api.github.com/repos/zephyrproject-rtos/zephyr/issues/46170,7f51907fda2dd30f18d01262f06c175714a9be3f,https://github.com/zephyrproject-rtos/zephyr/issues/46170,ipc_service: open-amp backend may never leave,"bug,priority: low,area: IPC,area: AMP",zephyrproject-rtos/zephyr,intra
https://api.github.com/repos/zephyrproject-rtos/zephyr/issues/45904,2dc866fa487ba524b426adc453d028bdd7aaa4e2,https://github.com/zephyrproject-rtos/zephyr/issues/45904,All tests require full timeout period to pass after twister overhaul when executed on HW platform,"bug,priority: high,area: Twister",zephyrproject-rtos/zephyr,intra
https://api.github.com/repos/zephyrproject-rtos/zephyr/issues/45886,fbf73334f38cc7888cc59e39f82fe682be72e125,https://github.com/zephyrproject-rtos/zephyr/issues/45886,ESP32: PWM parameter renaming broke compilation,"bug,priority: low,area: PWM,platform: ESP32",zephyrproject-rtos/zephyr,intra
https://api.github.com/repos/zephyrproject-rtos/zephyr/issues/45580,806ee8601ca73b0de0767b2a22c533e307bcee8b,https://github.com/zephyrproject-rtos/zephyr/issues/45580,ESP32-C3: CONFIG_ESP32_PHY_MAX_TX_POWER undeclared error when building with CONFIG_BT=y,"bug,area: Bluetooth,platform: ESP32",zephyrproject-rtos/zephyr,intra
https://api.github.com/repos/zephyrproject-rtos/zephyr/issues/45515,b8604024f7ceadafd5778e78640102023b6ebc33,https://github.com/zephyrproject-rtos/zephyr/pull/45515,boards: arm: stm32f746g_disco: Add support for FMC SDRAM and LTDC display,"area: Boards,area: Documentation,area: Samples,area: Devicetree,platform: STM32,area: Display",zephyrproject-rtos/zephyr,intra
https://api.github.com/repos/zephyrproject-rtos/zephyr/issues/45390,ba939b126203f4977a50d379ee09333b4aa84a33,https://github.com/zephyrproject-rtos/zephyr/issues/45390,MinGW-w64: Cannot build Zephyr project,bug,zephyrproject-rtos/zephyr,intra
https://api.github.com/repos/zephyrproject-rtos/zephyr/issues/45361,91d61393388759a8ab3218f1c6e311aa59aa58f6,https://github.com/zephyrproject-rtos/zephyr/issues/45361,samples/bluetooth/hci_usb doesn't build for nucleo_wb55rg,"Feature Request,platform: STM32",zephyrproject-rtos/zephyr,intra
https://api.github.com/repos/zephyrproject-rtos/zephyr/issues/45105,d92e3b88bacc,https://github.com/zephyrproject-rtos/zephyr/issues/45105,ACRN: failed to run testcase tests/kernel/fifo/fifo_timeout/,"bug,priority: low,platform: X86,area: ACRN",zephyrproject-rtos/zephyr,intra
https://api.github.com/repos/zephyrproject-rtos/zephyr/issues/44856,085125525895d17216e71512fd37e137dc1d35d4,https://github.com/zephyrproject-rtos/zephyr/issues/44856,Various kernel timing-related tests fail on hifive1 board,"bug,priority: medium,area: RISCV,platform: sifive",zephyrproject-rtos/zephyr,intra
https://api.github.com/repos/zephyrproject-rtos/zephyr/issues/44630,52be3030aac9ad6523baeb3d83a473ffe05d62a1,https://github.com/zephyrproject-rtos/zephyr/pull/44630,hwinfo: Add dependency handling for HWINFO_NRF in nonsecure,"Hotfix,area: HWINFO",zephyrproject-rtos/zephyr,intra
https://api.github.com/repos/zephyrproject-rtos/zephyr/issues/44535,e4aed1cfbd0760ec0af524d1b5796ba0ef38b61b,https://github.com/zephyrproject-rtos/zephyr/issues/44535,"mgmt/mcumgr/lib: Incorrect use of MGMT_ERR_ENOMEM, in most cases where it is used","bug,priority: medium,area: mcumgr",zephyrproject-rtos/zephyr,intra
https://api.github.com/repos/zephyrproject-rtos/zephyr/issues/44397,340da2ecf3122a1d0b3031f3b4708754e49485fa,https://github.com/zephyrproject-rtos/zephyr/issues/44397,twister: test case error number discrepancy in the result,"bug,priority: low,area: Twister",zephyrproject-rtos/zephyr,intra
https://api.github.com/repos/zephyrproject-rtos/zephyr/issues/44296,008fd88d6f4f4995888a0ba1a11db1a15b6a2272,https://github.com/zephyrproject-rtos/zephyr/issues/44296,Bluetooth: Controller: DF: IQ sample of CTE signals are not valid if PHY is 1M,"bug,priority: low,area: Bluetooth,area: Bluetooth Controller",zephyrproject-rtos/zephyr,intra
https://api.github.com/repos/zephyrproject-rtos/zephyr/issues/43980,49d08c25fe86b2849f331a28dd73714a7c1f1e88,https://github.com/zephyrproject-rtos/zephyr/issues/43980,No PWM signal on Nucleo F103RB using TIM1 CH2 PA9 ,"bug,priority: low,area: PWM,platform: STM32",zephyrproject-rtos/zephyr,intra
https://api.github.com/repos/zephyrproject-rtos/zephyr/issues/43935,6911e7e1d88845d31df03b4a30dc55afca29ba5a,https://github.com/zephyrproject-rtos/zephyr/pull/43935,Bluetooth: Controller: Use the received coding scheme for Extended Advertising and Periodic Sync,"bug,area: Bluetooth,area: Bluetooth Controller",zephyrproject-rtos/zephyr,intra
https://api.github.com/repos/zephyrproject-rtos/zephyr/issues/43932,544acb98046822c34d0115cdb2f679f6448be3e6,https://github.com/zephyrproject-rtos/zephyr/pull/43932,Bluetooth: Controller: Use ticker yield to allow chain PDU receive,"bug,area: Bluetooth,area: Bluetooth Controller",zephyrproject-rtos/zephyr,intra
https://api.github.com/repos/zephyrproject-rtos/zephyr/issues/43816,600ca01464ef253097644f2fc4dd0f3f2a3f5087,https://github.com/zephyrproject-rtos/zephyr/issues/43816,tests: cmsis_dsp: rf16 and cf16 tests are not executed on Native POSIX,"bug,priority: low,area: Tests,area: CMSIS-DSP",zephyrproject-rtos/zephyr,intra
https://api.github.com/repos/zephyrproject-rtos/zephyr/issues/43700,a2fe23bafbb89d91ae15752563f4d91676d6e3cf,https://github.com/zephyrproject-rtos/zephyr/issues/43700,mgmt/mcumgr: Strange Kconfig names for MCUMGR_GRP_ZEPHYR_BASIC log levels,"bug,priority: low,area: mcumgr",zephyrproject-rtos/zephyr,intra
https://api.github.com/repos/zephyrproject-rtos/zephyr/issues/43600,303469350978f29b4108eff57d9dd25df24a3f63,https://github.com/zephyrproject-rtos/zephyr/issues/43600,tests: mec15xxevb_assy6853: most of the test cases failed,"bug,platform: Microchip MEC",zephyrproject-rtos/zephyr,intra
https://api.github.com/repos/zephyrproject-rtos/zephyr/issues/43575,e4260ac03fa6e2f1bc3770826e6dcb54021cab42,https://github.com/zephyrproject-rtos/zephyr/pull/43575,TF-M: Fix nRF53 SoC GPIO service for MCU selection,"area: Boards,area: Devicetree,platform: nRF,DNM,area: Modules,manifest,west,manifest-trusted-firmware-m",zephyrproject-rtos/zephyr,intra
https://api.github.com/repos/zephyrproject-rtos/zephyr/issues/43406,fcda8699cb8c26daaf1002508397f4b6321c78e3,https://github.com/zephyrproject-rtos/zephyr/pull/43406,drivers: timer: nrf_rtc_timer: Add Lock Zero Latency IRQs Kconfig,area: Timer,zephyrproject-rtos/zephyr,intra
https://api.github.com/repos/zephyrproject-rtos/zephyr/issues/43388,515cf9698fd2d3b0e9468743d20811b6e79149a1,https://github.com/zephyrproject-rtos/zephyr/pull/43388,soc: cleanup of PM related Kconfig options,"area: Boards,area: Timer,area: Tests,platform: Microchip MEC,platform: Nuvoton NPCX",zephyrproject-rtos/zephyr,intra
https://api.github.com/repos/zephyrproject-rtos/zephyr/issues/43306,1e747eca0d1a063c64438d18ca7e556a88ccc648,https://github.com/zephyrproject-rtos/zephyr/issues/43306,sam_e70b_xplained: the platform will be not normal after running test case tests/subsys/usb/desc_sections/,"bug,priority: low,area: USB,platform: Microchip SAM,Regression",zephyrproject-rtos/zephyr,intra
https://api.github.com/repos/zephyrproject-rtos/zephyr/issues/43150,9d277468ac5f5a81d57440c2762c0bb1ec06443d,https://github.com/zephyrproject-rtos/zephyr/pull/43150,lib: os: cbprintf: Add new options to cbprintf packaging,"area: Documentation,area: Logging,area: Tests,area: API",zephyrproject-rtos/zephyr,intra
https://api.github.com/repos/zephyrproject-rtos/zephyr/issues/43099,254e35d61d59feca6e9b91fcc9ce7d3416917c22,https://github.com/zephyrproject-rtos/zephyr/issues/43099,CMake: ARCH roots issue,"bug,priority: low,area: Build System",zephyrproject-rtos/zephyr,intra
https://api.github.com/repos/zephyrproject-rtos/zephyr/issues/43024,41a63f48fdc81636b1ed875c574d27aaf0b09bc9,https://github.com/zephyrproject-rtos/zephyr/issues/43024,samples: tests task wdt fails on some stm32 nucleo target boards,"bug,priority: low,area: Watchdog,platform: STM32,area: Task Watchdog",zephyrproject-rtos/zephyr,intra
https://api.github.com/repos/zephyrproject-rtos/zephyr/issues/42725,87a40b25a2f773027a7013fb435212defe4fe140,https://github.com/zephyrproject-rtos/zephyr/pull/42725,DRAFT: ARM: Introduce Infineon PSoC 6 SoC,"area: Boards,dev-review",zephyrproject-rtos/zephyr,intra
https://api.github.com/repos/zephyrproject-rtos/zephyr/issues/42453,cfac53b76f317cd60dd74ea552b030cdc0e5479f,https://github.com/zephyrproject-rtos/zephyr/issues/42453,Unable to update Firmware using MCUBoot on STM32G0 series,"bug,priority: low,platform: STM32",zephyrproject-rtos/zephyr,intra
https://api.github.com/repos/zephyrproject-rtos/zephyr/issues/41879,67e5d72956a2dd8ed2f36e1a8d8020f4af65f0c9,https://github.com/zephyrproject-rtos/zephyr/issues/41879,new ztest api fails when user space is enabled,"bug,priority: medium,area: Test Framework",zephyrproject-rtos/zephyr,intra
https://api.github.com/repos/zephyrproject-rtos/zephyr/issues/41418,b579c12714a452ddcb436615d218d39f9f0cd5bd,https://github.com/zephyrproject-rtos/zephyr/issues/41418,tests/lib/devicetree/devices fails to build for thingy52_nrf52832,bug,zephyrproject-rtos/zephyr,intra
https://api.github.com/repos/zephyrproject-rtos/zephyr/issues/41157,6ea54db33489d10b873137d4239294225aa81fa6,https://github.com/zephyrproject-rtos/zephyr/pull/41157,drivers: wifi: eswifi: fix socket poll timeout,"area: Networking,area: WiFi",zephyrproject-rtos/zephyr,intra
https://api.github.com/repos/zephyrproject-rtos/zephyr/issues/41144,9c74027a7bbdc7348441ef2144a8c198c4e13d45,https://github.com/zephyrproject-rtos/zephyr/pull/41144,Toolchain/armlink configure linker script fixup,area: Build System,zephyrproject-rtos/zephyr,intra
https://api.github.com/repos/zephyrproject-rtos/zephyr/issues/41062,55350a93e9f545f1cfdf3ce10b020c8ce7d74ef7,https://github.com/zephyrproject-rtos/zephyr/issues/41062,kernel: userspace: Potential misaligned access,"bug,priority: high,area: Kernel",zephyrproject-rtos/zephyr,intra
https://api.github.com/repos/zephyrproject-rtos/zephyr/issues/40881,8e1682d1ea5865fd1a38f22546d2eeb7cb026f53,https://github.com/zephyrproject-rtos/zephyr/issues/40881,Bluetooth: shell: fatal error because ctx_shell is NULL,"bug,priority: low,area: Bluetooth,area: Shell",zephyrproject-rtos/zephyr,intra
https://api.github.com/repos/zephyrproject-rtos/zephyr/issues/40825,612409d39d86817009755adfa9ca628ea16fee4a,https://github.com/zephyrproject-rtos/zephyr/issues/40825,STM32WB55RGV6: No output after west flash,bug,zephyrproject-rtos/zephyr,intra
https://api.github.com/repos/zephyrproject-rtos/zephyr/issues/40770,81b1e7fdacf04af8de6cd665fde286258598c39b,https://github.com/zephyrproject-rtos/zephyr/issues/40770,tests/subsys/cpp/libcxx/cpp.libcxx.newlib fails on m2gl025_miv and qemu_cortex_m0,"bug,priority: high,area: Tests,area: C++",zephyrproject-rtos/zephyr,intra
https://api.github.com/repos/zephyrproject-rtos/zephyr/issues/40721,ca11af97081714e55c7296ea1caf793af3ea1a78,https://github.com/zephyrproject-rtos/zephyr/issues/40721,tests/lib/cbprintf_package fails on native_posix (CXX case),"bug,priority: low,area: Logging,area: native port,Stale",zephyrproject-rtos/zephyr,intra
https://api.github.com/repos/zephyrproject-rtos/zephyr/issues/40114,963d05bd525766701cbce44d0aaa63f57e26ae9b,https://github.com/zephyrproject-rtos/zephyr/issues/40114,modules/crypto/mbetls: missing inclusion of the  library directory,"priority: medium,Regression",zephyrproject-rtos/zephyr,intra
https://api.github.com/repos/zephyrproject-rtos/zephyr/issues/39968,e3b3afa7a5a54af480670a8e96bb0933822a8800,https://github.com/zephyrproject-rtos/zephyr/issues/39968,samples: tfm_integration: tfm_psa_test broken on OS X (Windows?),"bug,priority: low,area: Trusted Execution,area: TF-M",zephyrproject-rtos/zephyr,intra
https://api.github.com/repos/zephyrproject-rtos/zephyr/issues/39184,e45c07cd60d05256c4d33d52a0f164b9908dd6b4,https://github.com/zephyrproject-rtos/zephyr/issues/39184,HawkBit hash mismatch,"bug,priority: medium,Regression,area: hawkBit",zephyrproject-rtos/zephyr,intra
https://api.github.com/repos/zephyrproject-rtos/zephyr/issues/38865,84f1cd68330d415503707a1b17e61410acd49987,https://github.com/zephyrproject-rtos/zephyr/pull/38865,drivers: uart: Cleanup not supported API handling,area: API,zephyrproject-rtos/zephyr,intra
https://api.github.com/repos/zephyrproject-rtos/zephyr/issues/38829,553af7cd52f5726d1318338c545fcafdff2e44b5,https://github.com/zephyrproject-rtos/zephyr/issues/38829,net_buf issue leads to unwanted elem free,bug,zephyrproject-rtos/zephyr,intra
https://api.github.com/repos/zephyrproject-rtos/zephyr/issues/38601,43b8002b14a7c1a38c19df19955911144c625b5e,https://github.com/zephyrproject-rtos/zephyr/issues/38601,"nucleo_f103rb: samples/posix/eventfd/ failed since ""retargetable locking"" addition","bug,priority: medium,platform: STM32,Regression",zephyrproject-rtos/zephyr,intra
https://api.github.com/repos/zephyrproject-rtos/zephyr/issues/38591,65a2de84a9d5c535167951bf1cf610c4f7967ea5,https://github.com/zephyrproject-rtos/zephyr/issues/38591,"nucleo_f091rc: Linking issue since ""align __data_ram/rom_start/end linker"" (65a2de84a9d5c535167951bf1cf610c4f7967ea5)","bug,priority: medium,platform: STM32,Regression",zephyrproject-rtos/zephyr,intra
https://api.github.com/repos/zephyrproject-rtos/zephyr/issues/38402,6e26512bd5ecf0956cfcf7a52ba219244172241f,https://github.com/zephyrproject-rtos/zephyr/issues/38402,module: MCUboot module missing fixes available upstream,"bug,priority: high,area: MCUBoot,area: Modules",zephyrproject-rtos/zephyr,intra
https://api.github.com/repos/zephyrproject-rtos/zephyr/issues/38362,65e4add74ecae7281299ffb0a90292e6536ccc41,https://github.com/zephyrproject-rtos/zephyr/issues/38362,soc: ti cc13x2-cc26x2: PM standby + radio interaction regression,"bug,priority: medium,area: Power Management,Regression",zephyrproject-rtos/zephyr,intra
https://api.github.com/repos/zephyrproject-rtos/zephyr/issues/38171,d92d1f162af3ba24963f1026fc0a304f1a44d1f3,https://github.com/zephyrproject-rtos/zephyr/pull/38171,soc: esp32: Fix placement for system heap,platform: ESP32,zephyrproject-rtos/zephyr,intra
https://api.github.com/repos/zephyrproject-rtos/zephyr/issues/37838,1cccc8a8feda1b1cbff4a81fbb552b75f0f1ce28,https://github.com/zephyrproject-rtos/zephyr/issues/37838,cmake 3.20 not supportet (yet) by recent Ubuntu,bug,zephyrproject-rtos/zephyr,intra
https://api.github.com/repos/zephyrproject-rtos/zephyr/issues/37346,57690f566e806c4f3cb956ce3594b6907e229fb4,https://github.com/zephyrproject-rtos/zephyr/issues/37346,"STM32WL LoRa increased the current in ""suspend_to_idle"" state","Enhancement,area: Power Management,platform: STM32,area: LoRa",zephyrproject-rtos/zephyr,intra
https://api.github.com/repos/zephyrproject-rtos/zephyr/issues/37324,e45c07cd60d05256c4d33d52a0f164b9908dd6b4,https://github.com/zephyrproject-rtos/zephyr/issues/37324,subsys/mgmt/hawkbit: Unable to finish download if CPU blocking function (i.e. `flash_img_buffered_write`) is used,"bug,priority: low",zephyrproject-rtos/zephyr,intra
https://api.github.com/repos/zephyrproject-rtos/zephyr/issues/37315,1acd8c2996c3a1ae0691247deff8c32519307f17,https://github.com/zephyrproject-rtos/zephyr/pull/37315,kernel: drop unused priority related definitions,"area: Kernel,area: API",zephyrproject-rtos/zephyr,intra
https://api.github.com/repos/zephyrproject-rtos/zephyr/issues/36988,cc2f0e9c08dcad59a4cc0117028a5fcf9d73f433,https://github.com/zephyrproject-rtos/zephyr/pull/36988,STM32: Fix runtime device PM,"area: Boards,area: Devicetree,platform: STM32",zephyrproject-rtos/zephyr,intra
https://api.github.com/repos/zephyrproject-rtos/zephyr/issues/36882,882600834e80d2d3d5db4e61d72f63a8bd997fcc,https://github.com/zephyrproject-rtos/zephyr/issues/36882,MCUMGR: fs upload fail for first time file upload,"bug,priority: low,area: mcumgr,Stale",zephyrproject-rtos/zephyr,intra
https://api.github.com/repos/zephyrproject-rtos/zephyr/issues/36811,fb4d9c04111b145e08fd6848d7a4d595705afafe,https://github.com/zephyrproject-rtos/zephyr/issues/36811,Clarify Z_ APIs naming conventions and intended scope ,"Enhancement,area: API",zephyrproject-rtos/zephyr,intra
https://api.github.com/repos/zephyrproject-rtos/zephyr/issues/36667,882600834e80d2d3d5db4e61d72f63a8bd997fcc,https://github.com/zephyrproject-rtos/zephyr/issues/36667,logger: Filesystem backend doesn't work except for first time boot,"bug,priority: medium,area: Logging",zephyrproject-rtos/zephyr,intra
