link,viewed_counts
https://stackoverflow.com/questions/50149603/could-wasm-be-used-to-check-integrity-of-a-js-method,Viewed 469 times
https://stackoverflow.com/questions/4377109/shell-script-execute-a-python-program-from-within-a-shell-script,"Viewed 648,155 times"
https://stackoverflow.com/questions/38199051/boost-python-make-constructor-and-custodians-and-ward,Viewed 416 times
https://stackoverflow.com/questions/4167233/how-do-i-pass-arrays-from-java-to-c-using-swig,"Viewed 6,245 times"
https://stackoverflow.com/questions/11926340/how-to-pass-a-c-object-to-another-c-object-with-boost-python,"Viewed 2,696 times"
https://stackoverflow.com/questions/33326699/passing-laravel-array-in-javascript,"Viewed 45,640 times"
https://stackoverflow.com/questions/15485354/angularjs-http-post-to-php-and-undefined,"Viewed 135,324 times"
https://stackoverflow.com/questions/21278915/getting-to-interactive-django-shell-in-pydev,"Viewed 2,472 times"
https://stackoverflow.com/questions/14661249/java-jni-creating-a-swing-window-using-jni-from-c,"Viewed 2,383 times"
https://stackoverflow.com/questions/21153805/convert-php-associative-array-into-javascript-object,"Viewed 50,834 times"
https://stackoverflow.com/questions/29745584/using-getdirectbufferaddress-from-jni,"Viewed 9,573 times"
https://stackoverflow.com/questions/44123252/detecting-c-types-limits-limits-h-in-python,Viewed 924 times
https://stackoverflow.com/questions/2566764/encode-compress-sequence-of-repeating-integers,"Viewed 3,338 times"
https://stackoverflow.com/questions/8654519/what-happens-if-i-call-a-java-function-from-multiple-threads-from-c-with-jni,Viewed 641 times
https://stackoverflow.com/questions/2462230/interacting-with-java-code-from-c-sharp,"Viewed 4,422 times"
https://stackoverflow.com/questions/46420476/polymorphic-exception-handling-how-to-catch-subclass-exception,"Viewed 2,376 times"
https://stackoverflow.com/questions/39193510/how-to-insert-arbitrary-json-in-htmls-script-tag,"Viewed 2,165 times"
https://stackoverflow.com/questions/2663429/what-is-the-best-way-to-identify-which-form-has-been-submitted,"Viewed 3,941 times"
https://stackoverflow.com/questions/58927296/adding-utf-8-support-to-js-php-script,"Viewed 1,329 times"
https://stackoverflow.com/questions/799076/returning-a-stdstring-from-a-c-dll-to-a-c-sharp-program-invalid-address-s,"Viewed 6,780 times"
https://stackoverflow.com/questions/39948485/how-can-i-convert-python-boolean-object-to-c-int-or-c-boolean-python-c-api,"Viewed 5,723 times"
https://stackoverflow.com/questions/29733594/thymeleaf-print-json-string-as-json-object-into-a-javascript-variable,"Viewed 32,214 times"
https://stackoverflow.com/questions/44331769/how-to-post-a-tweet-using-codebird-php-from-pop-up-window,Viewed 944 times
https://stackoverflow.com/questions/473029/how-can-i-get-the-full-backtrace-in-spidermonkey-jsapi-from-my-reporterror-fun,"Viewed 1,323 times"
https://stackoverflow.com/questions/4365738/how-to-access-php-session-variables-from-jquery-function-in-a-js-file,"Viewed 130,090 times"
https://stackoverflow.com/questions/4591461/marshalling-a-char-in-c-sharp,"Viewed 2,130 times"
https://stackoverflow.com/questions/13242098/why-should-i-embed-a-scripting-language,"Viewed 2,658 times"
https://stackoverflow.com/questions/1309509/correct-way-to-marshal-size-t,"Viewed 10,736 times"
https://stackoverflow.com/questions/9696980/php-constant-inside-js-file,"Viewed 1,876 times"
https://stackoverflow.com/questions/2357106/weird-mono-compilation-error,Viewed 892 times
https://stackoverflow.com/questions/2381241/what-is-the-subprocess-popen-max-length-of-the-args-parameter,"Viewed 13,939 times"
https://stackoverflow.com/questions/13289171/marshalasunmanagedtype-lpstr-how-does-this-convert-utf-8-strings-to-char,"Viewed 17,615 times"
https://stackoverflow.com/questions/6872482/how-to-write-javascript-in-the-code-behind-file,"Viewed 1,552 times"
https://stackoverflow.com/questions/808692/creating-an-interactive-shell-for-net-apps-and-embed-scripting-languages-like-p,"Viewed 4,696 times"
https://stackoverflow.com/questions/213628/how-to-convert-a-c-string-char-array-into-a-python-string-when-there-are-non-a,"Viewed 13,379 times"
https://stackoverflow.com/questions/8241732/application-exits-no-exception-when-referencing-64bit-dll-from-c-sharp,"Viewed 2,402 times"
https://stackoverflow.com/questions/3456345/gwt-how-to-return-and-handle-an-error-from-multipart-form-file-upload,"Viewed 4,532 times"
https://stackoverflow.com/questions/9993465/handling-session-timeout-on-client-side,"Viewed 12,418 times"
https://stackoverflow.com/questions/32028339/writing-a-long-from-java-in-a-file-and-reading-it-in-c,Viewed 797 times
https://stackoverflow.com/questions/2480565/directory-layout-for-a-python-project-with-c-extension-modules,Viewed 667 times
https://stackoverflow.com/questions/7057022/is-it-safe-to-keep-c-pointers-in-c,Viewed 294 times
https://stackoverflow.com/questions/5700186/meta-programming-into-several-output-languages,Viewed 530 times
https://stackoverflow.com/questions/16693178/c-vector-to-python-3-3,"Viewed 5,673 times"
https://stackoverflow.com/questions/14371758/can-a-python-function-taking-args-kwargs-be-called-from-c-or-another-language,"Viewed 1,018 times"
https://stackoverflow.com/questions/8933263/how-do-i-wrap-a-c-class-with-cython,"Viewed 18,106 times"
https://stackoverflow.com/questions/33779063/nuget-package-with-a-dependency-on-visual-c-2013-runtime,"Viewed 1,460 times"
https://stackoverflow.com/questions/31766219/export-constants-from-header-with-cython,"Viewed 1,687 times"
https://stackoverflow.com/questions/2087840/add-a-reference-from-a-c-sharp-app-to-a-dll-compiled-without-clr,"Viewed 8,476 times"
https://stackoverflow.com/questions/30990129/encrypt-in-python-decrypt-in-javascript,"Viewed 11,682 times"
https://stackoverflow.com/questions/3628601/how-fast-is-client-side-javascript-versus-server-side-java,"Viewed 6,445 times"
https://stackoverflow.com/questions/32512444/use-jquery-to-post-data-to-mvc-action-method,"Viewed 65,739 times"
https://stackoverflow.com/questions/6111843/limitations-of-pytuple-setitem,"Viewed 2,763 times"
https://stackoverflow.com/questions/18155582/should-the-order-of-import-statements-matter-when-importing-a-so,"Viewed 1,176 times"
https://stackoverflow.com/questions/20054822/exposing-c-interface-in-boost-python,"Viewed 6,247 times"
https://stackoverflow.com/questions/5187242/encode-a-string-to-be-used-as-shell-argument,"Viewed 6,246 times"
https://stackoverflow.com/questions/7446992/using-nltk-in-c-sharp-via-ironpython,"Viewed 6,988 times"
https://stackoverflow.com/questions/2874603/is-it-possible-to-embed-c-code-in-a-c-sharp-project,"Viewed 10,943 times"
https://stackoverflow.com/questions/2865289/php-redirection-with-post-parameters,"Viewed 52,788 times"
https://stackoverflow.com/questions/33813735/nginx-with-expires-on-javascript-files-dynamically-generated-by-php,"Viewed 1,433 times"
https://stackoverflow.com/questions/1953731/python-pytables-java-tying-all-together,"Viewed 3,237 times"
https://stackoverflow.com/questions/6407034/can-java-interact-with-system-v-linux-message-queues,"Viewed 2,659 times"
https://stackoverflow.com/questions/9444342/adding-a-javascript-script-tag-some-place-so-that-it-works-for-every-file-in-sph,"Viewed 4,468 times"
https://stackoverflow.com/questions/18679264/how-to-use-malloc-and-free-with-python-ctypes,"Viewed 17,600 times"
https://stackoverflow.com/questions/726410/serialize-in-c-then-deserialize-in-c,"Viewed 10,653 times"
https://stackoverflow.com/questions/1153577/integrate-python-and-c,"Viewed 107,712 times"
https://stackoverflow.com/questions/29287311/how-to-append-datetime-value-to-formdata-and-receive-it-in-controller,"Viewed 12,699 times"
https://stackoverflow.com/questions/6751825/simplest-way-to-pass-float-to-c-via-jni,"Viewed 13,389 times"
https://stackoverflow.com/questions/3121367/php-script-malicious-javascript-code-at-the-end,"Viewed 4,016 times"
https://stackoverflow.com/questions/1496731/how-do-i-remove-unnecessary-resources-from-my-project,"Viewed 14,072 times"
https://stackoverflow.com/questions/30551935/javascript-variable-and-smarty,Viewed 799 times
https://stackoverflow.com/questions/729562/how-to-compile-c-sharp-application-with-c-static-library,"Viewed 19,349 times"
https://stackoverflow.com/questions/33677231/how-to-expose-a-function-returning-a-c-object-to-python-without-copying-the-ob,Viewed 905 times
https://stackoverflow.com/questions/11430773/how-to-use-javascript-with-selenium-webdriver-java,"Viewed 268,465 times"
https://stackoverflow.com/questions/21256679/how-to-include-jquery-in-a-wordpress-theme,"Viewed 12,545 times"
https://stackoverflow.com/questions/2219982/getting-php-to-run-a-python-script,"Viewed 32,744 times"
https://stackoverflow.com/questions/60892286/javascript-to-c-sharp-numeric-precision-loss,Viewed 865 times
https://stackoverflow.com/questions/2753056/jquery-get-only-passing-first-two-data-parameters-in-url,Viewed 789 times
https://stackoverflow.com/questions/15449428/does-the-shell-in-shell-true-in-subprocess-means-bash,"Viewed 7,276 times"
https://stackoverflow.com/questions/4541565/how-can-i-assert-from-python-c-code,"Viewed 1,536 times"
https://stackoverflow.com/questions/1942298/wrapping-a-c-library-in-python-c-cython-or-ctypes,"Viewed 81,355 times"
https://stackoverflow.com/questions/3529160/how-do-i-get-a-stdexception-error-description-when-calling-a-c-dll-from-c-sh,"Viewed 2,074 times"
https://stackoverflow.com/questions/10073564/how-can-i-convert-python-dictionary-to-javascript-hash-table,"Viewed 23,885 times"
https://stackoverflow.com/questions/3632283/does-accesscontroller-doprivileged-give-javascript-threads-the-permissions-of-th,"Viewed 6,302 times"
https://stackoverflow.com/questions/49156/importing-javascript-in-jsp-tags,"Viewed 3,537 times"
https://stackoverflow.com/questions/1119696/java-python-integration,"Viewed 79,517 times"
https://stackoverflow.com/questions/8102244/swig-c-to-python-warning362-operator-ignored,"Viewed 2,741 times"
https://stackoverflow.com/questions/10847370/tips-for-using-a-c-library-from-c-sharp,"Viewed 5,564 times"
https://stackoverflow.com/questions/10549872/why-cant-python-execute-java-exe-via-subprocess,"Viewed 4,332 times"
https://stackoverflow.com/questions/3544240/conditional-ctypedef-with-cython,"Viewed 2,505 times"
https://stackoverflow.com/questions/2179601/good-php-framework-for-fully-ajax-based-web-applications,"Viewed 7,397 times"
https://stackoverflow.com/questions/2962038/how-to-remove-dangerous-charactersie-script-tags,"Viewed 9,744 times"
https://stackoverflow.com/questions/3074614/how-do-you-fight-against-all-these-ways-javascript-and-its-million-different-w,Viewed 270 times
https://stackoverflow.com/questions/5882650/how-to-execute-a-shell-script-in-php,"Viewed 137,005 times"
https://stackoverflow.com/questions/2692873/quote-posix-shell-special-characters-in-python-output,"Viewed 2,552 times"
https://stackoverflow.com/questions/18050937/how-can-i-execute-shell-command-with-a-pipe-in-it,"Viewed 4,546 times"
https://stackoverflow.com/questions/5522063/serving-php-as-css-js-is-it-fast-enough-what-drawbacks-are-there,"Viewed 2,470 times"
https://stackoverflow.com/questions/26904725/pylucene-error-with-icetea-jdk-jre,Viewed 431 times
https://stackoverflow.com/questions/7919856/how-to-use-websockets-with-play-framework,"Viewed 6,237 times"
https://stackoverflow.com/questions/419240/how-to-get-javascript-function-data-into-a-php-variable,"Viewed 45,094 times"
https://stackoverflow.com/questions/3128709/adding-facebook-connect-to-a-codeigniter-website,"Viewed 7,857 times"
https://stackoverflow.com/questions/3819071/asp-net-scriptservice-deserialization-problem-with-derived-types,"Viewed 5,737 times"
https://stackoverflow.com/questions/16218929/how-to-instantiate-a-template-method-of-a-template-class-with-swig,"Viewed 3,002 times"
https://stackoverflow.com/questions/4354411/debugging-native-code-when-called-from-managed,"Viewed 20,832 times"
https://stackoverflow.com/questions/2356098/what-is-the-best-tool-for-performance-regression-testing,"Viewed 1,375 times"
https://stackoverflow.com/questions/438594/how-to-call-java-objects-and-functions-from-cpython,"Viewed 9,102 times"
https://stackoverflow.com/questions/3259967/sending-displaying-a-base64-encoded-image,"Viewed 67,679 times"
https://stackoverflow.com/questions/7672792/calling-c-exe-functions-from-c-sharp,"Viewed 3,655 times"
https://stackoverflow.com/questions/18096415/convert-object-to-void-and-back,"Viewed 3,926 times"
https://stackoverflow.com/questions/4011180/how-to-use-a-c-library-in-a-c-sharp-app,Viewed 506 times
https://stackoverflow.com/questions/210978/using-os-execvp-in-python,"Viewed 10,860 times"
https://stackoverflow.com/questions/1199470/combine-javascript-files-at-deployment-in-python,"Viewed 6,263 times"
https://stackoverflow.com/questions/23622923/is-it-acceptable-practice-to-unit-test-a-program-in-a-different-language,"Viewed 3,921 times"
https://stackoverflow.com/questions/57172870/how-to-use-a-different-c-compiler-in-cython,"Viewed 1,686 times"
https://stackoverflow.com/questions/25882150/python-h-not-found-using-swig-and-anaconda-python,"Viewed 14,705 times"
https://stackoverflow.com/questions/41759122/how-to-use-googletest-for-testing-c-code-that-calls-into-java-on-android,Viewed 944 times
https://stackoverflow.com/questions/43621948/c-python-module-import-error-undefined-symbol-py-initmodule3-py-initmodu,"Viewed 8,410 times"
https://stackoverflow.com/questions/29006439/boost-python-multiple-modules-in-one-shared-object,"Viewed 1,921 times"
https://stackoverflow.com/questions/49866263/how-are-symbols-contained-in-the-libpythonx-x-linked-to-numpy-extension-dynamic,Viewed 472 times
https://stackoverflow.com/questions/4259170/python-setup-script-extensions-how-do-you-include-a-h-file,"Viewed 3,937 times"
https://stackoverflow.com/questions/16520052/how-to-generate-64-bit-dll-which-gcc-compiler-or-other-cant-load-ia-32-bit-d,"Viewed 3,099 times"
https://stackoverflow.com/questions/66498069/what-is-the-most-conventional-way-to-integrate-c-code-into-a-python-library-usin,Viewed 258 times
https://stackoverflow.com/questions/42763186/how-to-release-the-gil-in-cython-for-a-multithreaded-c-class,"Viewed 3,642 times"
https://stackoverflow.com/questions/2941960/a-call-to-pinvoke-function-has-unbalanced-the-stack,"Viewed 43,889 times"
https://stackoverflow.com/questions/30455178/numpy-ctypes-dynamic-module-does-not-define-init-function-error-if-not-recompi,Viewed 891 times
https://stackoverflow.com/questions/6887338/wrapper-is-disabled-in-the-server-configuration-by-allow-url-include-0,"Viewed 45,254 times"
https://stackoverflow.com/questions/50261675/url-redirect-not-loading-resources-from-correct-relative-source,"Viewed 1,422 times"
https://stackoverflow.com/questions/52021010/pre-compiling-php-files,"Viewed 1,167 times"
https://stackoverflow.com/questions/39649807/how-to-setup-qwebchannel-js-api-for-use-in-a-qwebengineview,"Viewed 5,212 times"
https://stackoverflow.com/questions/36530637/embedding-python-in-c-error-in-linking-undefined-reference-to-pystring-asstri,"Viewed 6,608 times"
https://stackoverflow.com/questions/7195959/hello-world-with-boost-python-and-python-3-2,"Viewed 14,686 times"
https://stackoverflow.com/questions/20904131/how-to-calculate-code-coverage-of-selenium-tests-with-respect-to-web-application,"Viewed 26,502 times"
https://stackoverflow.com/questions/19100085/javascript-runtime-error-unable-to-get-property-msie-of-undefined-or-null-ref,"Viewed 28,687 times"
https://stackoverflow.com/questions/6336094/jquery-autocomplete-in-background-of-input-text-box,"Viewed 13,299 times"
https://stackoverflow.com/questions/50674904/firing-events-in-c-and-handling-them-in-c-sharp,Viewed 798 times
https://stackoverflow.com/questions/11643666/python-importerror-undefined-symbol-for-custom-c-module,"Viewed 41,492 times"
https://stackoverflow.com/questions/5051059/codeigniter-and-javascript-jquery-library,"Viewed 29,925 times"
https://stackoverflow.com/questions/32440486/what-does-a-blue-dot-beneath-the-visual-studio-breakpoint-mean,"Viewed 2,761 times"
https://stackoverflow.com/questions/35716417/show-previously-uploaded-images-in-fine-uploader,"Viewed 2,308 times"
https://stackoverflow.com/questions/28607708/event-source-server-returns-event-stream-in-bulk-rather-then-returning-in-chu,"Viewed 1,129 times"
https://stackoverflow.com/questions/34823870/ghostdriver-1-2-1-phantomjs-2-0-latest-selenium-cant-find-variable-error-in,"Viewed 1,516 times"
https://stackoverflow.com/questions/24621889/minimal-example-of-wrapping-c-code-with-cython-passing-int-and-struct,"Viewed 3,285 times"
https://stackoverflow.com/questions/11114277/execute-perl-in-php,"Viewed 35,251 times"
https://stackoverflow.com/questions/33293538/compiling-c-from-php-with-exec-error-trying-to-exec-cc1,Viewed 359 times
https://stackoverflow.com/questions/49953785/which-options-do-exist-for-defining-a-python-package-with-node-js-dependencies,"Viewed 1,974 times"
https://stackoverflow.com/questions/40826295/react-routing-and-django-url-conflict,"Viewed 19,393 times"
https://stackoverflow.com/questions/7067512/jquery-cannot-change-a-value-where-js-can-because-the-library-is-out-of-date,Viewed 681 times
https://stackoverflow.com/questions/19428747/java-equivalent-of-c-copy-assignment-operator,"Viewed 5,507 times"
https://stackoverflow.com/questions/22846186/paypal-redirects-to-the-same-popup-window,"Viewed 4,834 times"
https://stackoverflow.com/questions/49793560/build-c-plugin-for-unity,"Viewed 11,415 times"
https://stackoverflow.com/questions/13845475/mpdf-ignoring-javascript,"Viewed 12,057 times"
https://stackoverflow.com/questions/30686266/how-to-include-csrf-token-in-an-external-js-file-in-laravel,"Viewed 22,738 times"
https://stackoverflow.com/questions/5182857/can-i-use-fabric-to-perform-interactive-shell-commands,"Viewed 4,100 times"
https://stackoverflow.com/questions/10916952/in-visual-studio-c-is-there-a-way-to-apply-web-config-transforms-to-javascript,"Viewed 1,309 times"
https://stackoverflow.com/questions/30603810/authenticate-firebase-firechat-with-wordpress-user-or-database,"Viewed 3,268 times"
https://stackoverflow.com/questions/911034/how-to-debug-jni-c-library,"Viewed 7,028 times"
https://stackoverflow.com/questions/9940381/how-to-generate-jni-header-file-in-eclipse,"Viewed 17,452 times"
https://stackoverflow.com/questions/39059853/nodejs-alternative-to-php-includes,"Viewed 2,985 times"
https://stackoverflow.com/questions/47635408/cythonizing-fails-because-of-unknown-type-name-uint64-t,"Viewed 4,850 times"
https://stackoverflow.com/questions/40360372/cant-import-numpy-from-c,"Viewed 1,257 times"
https://stackoverflow.com/questions/2885822/which-logging-library-to-use-for-cross-language-java-c-python-system,"Viewed 2,665 times"
https://stackoverflow.com/questions/4421832/compiling-python-to-c-using-cython,"Viewed 15,403 times"
https://stackoverflow.com/questions/40674654/can-not-add-data-attributes-in-script-tag-in-prestashop-1-6,"Viewed 1,065 times"
https://stackoverflow.com/questions/7598431/adding-jquery-to-magento,"Viewed 14,098 times"
https://stackoverflow.com/questions/41262490/qnetwork-error-when-use-qt-lib-with-native-jni-android-application,Viewed 357 times
https://stackoverflow.com/questions/26194684/how-to-disable-python-shell-spawning-less-with-help,Viewed 948 times
https://stackoverflow.com/questions/30983220/ctypes-error-attributeerror-symbol-not-found-os-x-10-7-5,"Viewed 3,983 times"
https://stackoverflow.com/questions/10561212/parsing-namespaces-with-clang-ast-differences-in-when-including-a-header-in-ano,"Viewed 3,101 times"
https://stackoverflow.com/questions/36160451/how-can-a-c-cli-project-reference-a-portable-class-library,Viewed 753 times
https://stackoverflow.com/questions/148071/problem-using-large-binary-segment-in-ooxml,Viewed 667 times
https://stackoverflow.com/questions/25303766/creating-custom-function-in-sqlite3-in-android,"Viewed 2,502 times"
https://stackoverflow.com/questions/18861818/cmake-conditionally-generate-protobuf-pb-hcpp-files-when-proto-files-ch,"Viewed 4,923 times"
https://stackoverflow.com/questions/28296252/ajax-not-post-base64-data-of-large-image,"Viewed 23,467 times"
https://stackoverflow.com/questions/8525193/how-to-install-jpype-on-os-x-lion-to-use-with-neo4j,"Viewed 5,133 times"
https://stackoverflow.com/questions/19865757/importerror-usr-lib-libboost-python-so-1-54-0-undefined-symbol-pyclass-type,"Viewed 11,153 times"
https://stackoverflow.com/questions/43942476/load-custom-ner-model-stanford-corenlp,"Viewed 3,144 times"
https://stackoverflow.com/questions/8295645/cython-vector-operations,"Viewed 1,009 times"
https://stackoverflow.com/questions/53762552/with-pybind11-how-to-split-my-code-into-multiple-modules-files,"Viewed 3,235 times"
https://stackoverflow.com/questions/35321671/compiling-c-code-that-uses-both-r-and-numpy-on-linux,Viewed 144 times
https://stackoverflow.com/questions/4058423/how-can-i-serve-a-dynamic-javascript-file-from-wicket,"Viewed 2,425 times"
https://stackoverflow.com/questions/11355110/debugging-python-ctypes-segmentation-fault,"Viewed 2,709 times"
https://stackoverflow.com/questions/3400381/calling-a-python-script-from-command-line-without-typing-python-first,"Viewed 14,130 times"
https://stackoverflow.com/questions/126781/c-union-in-c-sharp,"Viewed 53,974 times"
https://stackoverflow.com/questions/15321431/how-to-pass-a-list-from-python-by-jinja2-to-javascript,"Viewed 128,558 times"
https://stackoverflow.com/questions/14341549/passing-a-set-of-numpy-arrays-into-c-function-for-input-and-output,"Viewed 5,559 times"
https://stackoverflow.com/questions/5664737/calling-c-dll-from-c-sharp,"Viewed 28,876 times"
https://stackoverflow.com/questions/18470702/how-do-i-convert-a-c-sharp-liststring-to-a-javascript-array,"Viewed 110,849 times"
https://stackoverflow.com/questions/54899367/send-numpy-array-as-bytes-from-python-to-js-through-flask,"Viewed 3,324 times"
https://stackoverflow.com/questions/62208433/trouble-passing-a-c-sharp-string-from-userland-to-kernelmode-c-and-using-it-to-f,Viewed 135 times
https://stackoverflow.com/questions/4619996/how-to-run-ruby-python-scripts-from-inside-php-passing-and-receiving-parameters,"Viewed 11,745 times"
https://stackoverflow.com/questions/1224793/javascript-serialization-of-datetime-in-asp-net-is-not-giving-a-javascript-date,"Viewed 44,462 times"
https://stackoverflow.com/questions/28068305/converting-a-symfony2-php-entity-object-for-use-within-javascript,"Viewed 6,913 times"
https://stackoverflow.com/questions/6270245/return-c-object-to-java,"Viewed 3,781 times"
https://stackoverflow.com/questions/43363710/json-net-is-throwing-additional-text-found-in-json-string-after-finishing-deser,"Viewed 13,722 times"
https://stackoverflow.com/questions/30165475/how-to-compress-minimize-size-of-json-jsonify-with-flask-in-python,"Viewed 18,827 times"
https://stackoverflow.com/questions/33291631/is-there-a-simple-way-to-get-rid-of-junk-values-that-come-when-you-ssh-using-pyt,"Viewed 3,296 times"
https://stackoverflow.com/questions/8875185/casting-into-a-python-string-from-a-char-returned-by-a-dll,"Viewed 25,303 times"
https://stackoverflow.com/questions/41323746/use-python-regex-to-parse-string-of-floats-output-by-java-arrays-deeptostring,Viewed 114 times
https://stackoverflow.com/questions/21890805/encrypt-aes-with-c-sharp-to-match-java-encryption,"Viewed 19,044 times"
https://stackoverflow.com/questions/20676831/how-to-compress-json-in-java-and-decompression-in-javascript,"Viewed 31,307 times"
https://stackoverflow.com/questions/40643196/php-password-verify-vs-python-bcrypt-hashpw,"Viewed 3,572 times"
https://stackoverflow.com/questions/30005700/convert-stdstring-to-ndk-jstring,"Viewed 3,585 times"
https://stackoverflow.com/questions/12558996/jquery-knob-display-number-change,"Viewed 7,995 times"
https://stackoverflow.com/questions/50439315/encryption-and-decryption-between-java-and-javascript-wont-work,"Viewed 2,453 times"
https://stackoverflow.com/questions/28383478/most-efficient-way-to-fix-an-invalid-json,"Viewed 14,520 times"
https://stackoverflow.com/questions/11568232/javascript-readable-json-from-python,"Viewed 2,574 times"
https://stackoverflow.com/questions/53340627/typeerror-expected-bytes-like-object-not-str,"Viewed 19,304 times"
https://stackoverflow.com/questions/45992396/jsonobj-data-not-being-passed-via-ajax-and-post-on-ie11-only,Viewed 800 times
https://stackoverflow.com/questions/24164951/2f-instead-of-slash-in-url,"Viewed 12,051 times"
https://stackoverflow.com/questions/1662769/rsa-encryption-java-to-php,"Viewed 6,629 times"
https://stackoverflow.com/questions/4086817/l-prefix-for-strings-in-c,"Viewed 6,283 times"
https://stackoverflow.com/questions/10515886/converting-jdouble-to-double-of-type-c,"Viewed 5,726 times"
https://stackoverflow.com/questions/7045764/scraping-javascript-variables-to-php,"Viewed 2,333 times"
https://stackoverflow.com/questions/8911075/javascript-and-java-date-json-serialization,"Viewed 36,103 times"
https://stackoverflow.com/questions/38243721/return-json-object-from-php-script,"Viewed 9,407 times"
https://stackoverflow.com/questions/11873878/c-sharp-encryption-to-php-decryption,"Viewed 16,977 times"
https://stackoverflow.com/questions/1377278/passing-json-encoded-variable-from-php-to-javascript-via-post,"Viewed 30,979 times"
https://stackoverflow.com/questions/2562648/json-limitation,"Viewed 3,363 times"
https://stackoverflow.com/questions/39244589/serializing-image-stream-using-protobuf,"Viewed 10,522 times"
https://stackoverflow.com/questions/14036004/how-to-convert-jobject-to-jstring,"Viewed 13,242 times"
https://stackoverflow.com/questions/17124712/jni-android-converting-char-to-byte-array-and-return-it-to-java,"Viewed 12,964 times"
https://stackoverflow.com/questions/7559676/how-to-correctly-deserialize-a-json-string-into-the-class-that-contains-a-nested,"Viewed 23,085 times"
https://stackoverflow.com/questions/6236786/customize-jquery-autocomplete-result,Viewed 887 times
https://stackoverflow.com/questions/6536826/dealing-with-commas-in-csv,"Viewed 16,846 times"
https://stackoverflow.com/questions/43196260/cakephp-how-to-call-javascript-function-in-link,"Viewed 3,404 times"
https://stackoverflow.com/questions/11952365/accessing-an-array-of-pointers-within-a-structure-from-java-with-swig,"Viewed 1,158 times"
https://stackoverflow.com/questions/16062824/convert-object-of-class-stdclass-to-json-object,"Viewed 39,238 times"
https://stackoverflow.com/questions/3838921/how-to-pass-byte-arrays-between-java-and-javascript,"Viewed 8,202 times"
https://stackoverflow.com/questions/3260259/output-jstl-escaped,"Viewed 15,562 times"
https://stackoverflow.com/questions/26983005/importing-python-flask-json-dictionary-into-javascript-error,"Viewed 6,574 times"
https://stackoverflow.com/questions/3431950/rijndael-256-encrypt-decrypt-between-c-sharp-and-php,"Viewed 32,278 times"
https://stackoverflow.com/questions/46093210/c-sharp-version-of-the-javascript-function-btoa,"Viewed 9,139 times"
https://stackoverflow.com/questions/22978025/jackson-json-how-to-convert-array-to-jsonnode-and-objectnode,"Viewed 79,882 times"
https://stackoverflow.com/questions/29760761/aes-256-on-the-client-side-js-and-in-the-server-php,"Viewed 10,319 times"
https://stackoverflow.com/questions/4080344/decompress-string-in-c-sharp-which-were-compressed-by-phps-gzcompress,"Viewed 5,357 times"
https://stackoverflow.com/questions/38916788/accessing-laravel-relations-in-javascript-code,"Viewed 3,028 times"
https://stackoverflow.com/questions/28573479/cython-python-c-inheritance-passing-derived-class-as-argument-to-function-e,"Viewed 4,931 times"
https://stackoverflow.com/questions/45658004/how-to-send-audio-blob-from-javascript-to-java-spring-server,"Viewed 6,671 times"
https://stackoverflow.com/questions/5058688/cant-post-large-html5-canvas-to-server,"Viewed 2,625 times"
https://stackoverflow.com/questions/35752909/bash-script-printf-colors-from-variable,"Viewed 1,669 times"
https://stackoverflow.com/questions/16359953/why-does-my-unicode-string-get-corrupted-when-passed-from-java-applet-to-java-s,"Viewed 2,904 times"
https://stackoverflow.com/questions/34921078/how-to-convert-indic-characters-to-unicode-escaped-characters,Viewed 496 times
https://stackoverflow.com/questions/3776485/marshal-c-int-array-to-c-sharp,"Viewed 14,768 times"
https://stackoverflow.com/questions/967443/python-module-to-shellquote-unshellquote,"Viewed 16,982 times"
https://stackoverflow.com/questions/5719471/md5-hash-discrepancy-between-python-and-php,"Viewed 3,589 times"
https://stackoverflow.com/questions/9001526/send-array-with-ajax-to-php-script,"Viewed 244,953 times"
https://stackoverflow.com/questions/28749209/do-cython-extension-types-support-class-attributes,"Viewed 9,464 times"
https://stackoverflow.com/questions/35731305/do-json-libraries-agree-on-whats-the-double-precision-value-of-5000-1,"Viewed 3,444 times"
https://stackoverflow.com/questions/1406917/compressing-with-java-decompressing-with-php,"Viewed 5,047 times"
https://stackoverflow.com/questions/30112285/create-dynamic-json-from-foreach,"Viewed 3,280 times"
https://stackoverflow.com/questions/58250341/what-happens-if-undefined-c-behaviour-meets-c-defined-behaviour,Viewed 874 times
https://stackoverflow.com/questions/60333494/this-paymentmethod-was-previously-used-without-being-attached-to-a-customer-or-w,"Viewed 6,095 times"
https://stackoverflow.com/questions/54876346/pybind11-and-stdvector-how-to-free-data-using-capsules,"Viewed 2,575 times"
https://stackoverflow.com/questions/60032983/record-voice-with-recorder-js-and-upload-it-to-python-flask-server-but-wav-file,"Viewed 7,715 times"
https://stackoverflow.com/questions/22491921/how-to-use-a-python-list-to-assign-a-stdvector-in-c-using-swig,"Viewed 6,894 times"
https://stackoverflow.com/questions/56756867/iactivescriptparse32parsescripttext-memory-leak,Viewed 209 times
https://stackoverflow.com/questions/19325761/python-executing-shell-script-with-argumentsvariable-but-argument-is-not-rea,"Viewed 44,753 times"
https://stackoverflow.com/questions/10903750/access-javascript-array-elements-from-c-sharp-via-webbrowser,"Viewed 5,349 times"
https://stackoverflow.com/questions/50579572/export-a-variable-from-bash-and-use-it-in-python,"Viewed 8,498 times"
https://stackoverflow.com/questions/10801258/read-argument-with-spaces-in-python-script-from-a-shell-script,"Viewed 12,492 times"
https://stackoverflow.com/questions/9506437/python-subprocess-call-returns-command-not-found-terminal-executes-correctly,"Viewed 25,100 times"
https://stackoverflow.com/questions/6354358/c-dll-returned-string-is-corrupted-in-the-c-sharp-caller-why,"Viewed 2,679 times"
https://stackoverflow.com/questions/3730840/how-to-create-and-initialize-safearray-of-doubles-in-c-to-pass-to-c-sharp,"Viewed 32,165 times"
https://stackoverflow.com/questions/8238328/how-to-know-whether-it-is-a-memory-leak-or-not-when-calling-native-code-in-java,Viewed 550 times
https://stackoverflow.com/questions/22105529/np-ascontiguousarray-versus-np-asarray-with-cython,"Viewed 5,782 times"
https://stackoverflow.com/questions/9745139/building-relative-urls-for-an-mvc-app-with-javascript,"Viewed 19,582 times"
https://stackoverflow.com/questions/33377764/error-using-callback-in-python,"Viewed 2,146 times"
https://stackoverflow.com/questions/915790/memory-leak-using-jni-to-retrieve-strings-value-from-java-code,"Viewed 3,903 times"
https://stackoverflow.com/questions/18421111/how-to-expose-nullable-types-via-com,"Viewed 1,281 times"
https://stackoverflow.com/questions/33789011/bokeh-implementing-custom-javascript-in-an-image-plot,"Viewed 4,153 times"
https://stackoverflow.com/questions/32221090/org-springframework-web-bind-missingservletrequestparameterexception-required,"Viewed 32,210 times"
https://stackoverflow.com/questions/24139389/unable-to-find-out-what-return-code-of-11-means,"Viewed 7,331 times"
https://stackoverflow.com/questions/34517668/zend-how-to-correctly-destruct-a-custom-object-in-php-7,Viewed 881 times
https://stackoverflow.com/questions/2032470/python-ctypes-callback-function-to-swig,"Viewed 1,293 times"
https://stackoverflow.com/questions/16517355/how-to-send-by-socket-c-compatible-struct-from-java,"Viewed 1,699 times"
https://stackoverflow.com/questions/1533916/how-to-set-up-a-c-function-so-that-it-can-be-used-by-p-invoke,"Viewed 4,318 times"
https://stackoverflow.com/questions/4324819/pass-data-between-java-and-c,"Viewed 10,574 times"
https://stackoverflow.com/questions/52090826/passing-opencv-mat-from-c-to-python,"Viewed 4,628 times"
https://stackoverflow.com/questions/10109700/embedding-matplotlib-in-c,"Viewed 3,812 times"
https://stackoverflow.com/questions/10930789/insert-backbone-js-model-into-mysql-database,"Viewed 9,394 times"
https://stackoverflow.com/questions/16932113/passing-multiple-php-variables-to-shell-exec,"Viewed 70,988 times"
https://stackoverflow.com/questions/6780077/system-outofmemoryexception-when-getting-string-array-from-c-on-c-sharp,"Viewed 1,241 times"
https://stackoverflow.com/questions/39154055/how-to-pass-char-in-struct-from-c-sharp-to-c,"Viewed 1,239 times"
https://stackoverflow.com/questions/35444656/thrift-java-client-cannot-handle-union-properly,"Viewed 1,333 times"
https://stackoverflow.com/questions/18647841/retrieve-exit-status-from-php-script-inside-of-shell-script,"Viewed 11,157 times"
https://stackoverflow.com/questions/37453671/can-i-run-a-sql-query-in-frontend-javascript,"Viewed 93,389 times"
https://stackoverflow.com/questions/11141336/filestorage-for-opencv-python-api,"Viewed 16,052 times"
https://stackoverflow.com/questions/42506296/converting-python-dictionary-to-ctypes-structure,"Viewed 3,364 times"
https://stackoverflow.com/questions/43933897/set-environment-variables-by-file-using-python,"Viewed 13,646 times"
https://stackoverflow.com/questions/17048140/convert-multidimensional-php-array-to-javascript-array,"Viewed 15,918 times"
https://stackoverflow.com/questions/6089214/how-do-i-marshal-wchar-t-from-c-to-c-sharp-as-an-out-parameter-or-return-valu,"Viewed 19,359 times"
https://stackoverflow.com/questions/17244488/reading-struct-in-python-from-created-struct-in-c,"Viewed 24,230 times"
https://stackoverflow.com/questions/2228275/java-generics-and-jni,"Viewed 8,377 times"
https://stackoverflow.com/questions/25379340/nashorn-java-collections-how-to-implement-equals-and-hashcode-in-pure-javascri,"Viewed 1,709 times"
https://stackoverflow.com/questions/21477881/use-javascript-to-update-a-json-file,"Viewed 9,771 times"
https://stackoverflow.com/questions/8688400/using-managed-threads-and-fibers-in-clr,"Viewed 2,758 times"
https://stackoverflow.com/questions/15787748/evaluating-javascript-using-a-java-code,"Viewed 11,276 times"
https://stackoverflow.com/questions/18088977/creating-a-byte-in-c-and-returning-it-to-java-using-jni,"Viewed 5,670 times"
https://stackoverflow.com/questions/51065913/outlook-refuses-password-from-cryptprotectdata,Viewed 517 times
https://stackoverflow.com/questions/14124695/seg-fault-in-php-extension,Viewed 401 times
https://stackoverflow.com/questions/5368720/c-sharp-calling-native-c-all-functions-what-types-to-use,Viewed 823 times
https://stackoverflow.com/questions/31334390/c-sharp-property-value-doesnt-get-modified-within-javascript-jquery,Viewed 266 times
https://stackoverflow.com/questions/5236690/float-from-c-to-c-sharp,"Viewed 4,925 times"
https://stackoverflow.com/questions/45108666/sessions-in-angularjs-and-php-application,"Viewed 1,032 times"
https://stackoverflow.com/questions/13654561/marshalling-an-array-of-strings-from-managed-to-native-code,"Viewed 1,636 times"
https://stackoverflow.com/questions/6866464/com-safearray-of-guids-returned-from-c-to-c-sharp,"Viewed 2,270 times"
https://stackoverflow.com/questions/17309745/how-to-join-a-group-using-signalr,"Viewed 29,341 times"
https://stackoverflow.com/questions/11582914/mvc-model-binding-a-string-array-from-jquery-post,"Viewed 4,632 times"
https://stackoverflow.com/questions/32462222/how-to-catch-assertioncaused-in-c-during-runtime-in-python,"Viewed 1,743 times"
https://stackoverflow.com/questions/30357115/pyarray-simplenewfromdata-example,"Viewed 12,667 times"
https://stackoverflow.com/questions/31295122/boost-python-multiple-return-arguments,"Viewed 2,103 times"
https://stackoverflow.com/questions/10314645/jni-multi-threads,"Viewed 10,725 times"
https://stackoverflow.com/questions/10524365/interop-causes-unity-to-crash,"Viewed 3,307 times"
https://stackoverflow.com/questions/20419415/c-sharp-call-c-dll-passing-pointer-to-pointer-argument,"Viewed 23,869 times"
https://stackoverflow.com/questions/10596052/stdvector-to-java-util-vector-code-generation-with-swig,"Viewed 6,340 times"
https://stackoverflow.com/questions/13419676/assigning-the-model-to-a-javascript-variable-in-razor,"Viewed 15,672 times"
https://stackoverflow.com/questions/7309838/improper-marshaling-c-sharp-array-to-a-c-unmanaged-array,"Viewed 4,628 times"
https://stackoverflow.com/questions/30024948/flask-download-a-csv-file-on-clicking-a-button,"Viewed 74,163 times"
https://stackoverflow.com/questions/30191582/how-can-i-change-text-of-legend-in-c3-pie-chart,"Viewed 10,282 times"
https://stackoverflow.com/questions/19561877/is-it-possible-to-set-localstorage-or-session-variable-in-asp-net-page-and-read,"Viewed 85,822 times"
https://stackoverflow.com/questions/18545034/how-do-i-convert-my-entire-div-data-into-image-and-save-it-into-directory-withou,"Viewed 94,358 times"
https://stackoverflow.com/questions/29987323/how-do-i-send-data-from-js-to-python-with-flask,"Viewed 57,404 times"
https://stackoverflow.com/questions/3333182/speeding-up-ajax-requests-can-gzip-compression-be-applied,"Viewed 5,890 times"
https://stackoverflow.com/questions/3024893/ajax-chat-only-update-if-theres-a-change,"Viewed 4,902 times"
https://stackoverflow.com/questions/23366570/store-client-server-string-filtering-directives-for-realtime-use,Viewed 302 times
https://stackoverflow.com/questions/32551607/c-and-cython-seeking-a-design-pattern-that-avoids-template-limitations,Viewed 695 times
https://stackoverflow.com/questions/5964269/asn-1-encoding-decoding,"Viewed 8,407 times"
https://stackoverflow.com/questions/39209581/what-is-the-right-way-to-call-dynamic-content-currently-using-ajax-inside-a-ca,Viewed 310 times
https://stackoverflow.com/questions/7700446/java-app-calls-c-dll-via-jni-how-best-to-allocate-memory,"Viewed 12,316 times"
https://stackoverflow.com/questions/6064990/is-mysql-database-access-speed-limited-primarily-by-the-db-or-by-the-language-u,Viewed 475 times
https://stackoverflow.com/questions/30214271/php-js-progress-bar,"Viewed 3,801 times"
https://stackoverflow.com/questions/19661580/minify-css-and-js-in-codeigniter-efficiently,"Viewed 19,077 times"
https://stackoverflow.com/questions/14269798/java-jni-calls-are-slower-than-expected-at-least-2-ms-call,"Viewed 2,042 times"
https://stackoverflow.com/questions/2848359/how-to-write-javascript-in-asp-net-in-code-behind-using-c-sharp,"Viewed 68,987 times"
https://stackoverflow.com/questions/46888778/autocomplete-textbox-using-php,"Viewed 10,355 times"
https://stackoverflow.com/questions/1917576/how-do-i-pass-javascript-variables-to-php,"Viewed 682,572 times"
https://stackoverflow.com/questions/43827637/how-to-use-ajax-and-json-for-making-dropdown-menu,"Viewed 5,446 times"
https://stackoverflow.com/questions/34383278/calling-javascript-from-java-method,"Viewed 7,516 times"
https://stackoverflow.com/questions/18441194/how-to-call-a-c-sharp-function-from-javascript,"Viewed 215,948 times"
https://stackoverflow.com/questions/54018008/how-to-pass-content-in-tinymces-textarea-to-a-php-file-directly-instead-of-send,"Viewed 1,261 times"
https://stackoverflow.com/questions/65189028/how-to-change-server-side-language-cookies-like-client-side-using-ajax,Viewed 345 times
https://stackoverflow.com/questions/56385013/how-to-show-entire-text-in-a-modal-on-click-of-ellipsis-in-js,"Viewed 3,753 times"
https://stackoverflow.com/questions/22445078/how-to-create-a-stripe-charge-with-a-checkout-token-sent-via-ajax-to-php,"Viewed 12,021 times"
https://stackoverflow.com/questions/18774269/websocket-failed-downgrading-to-comet-and-resending,"Viewed 2,589 times"
https://stackoverflow.com/questions/5310216/passing-php-variable-into-javascript,"Viewed 23,439 times"
https://stackoverflow.com/questions/1698801/passing-php-array-into-javascript-through-json-to-update-google-chart,"Viewed 8,197 times"
https://stackoverflow.com/questions/46805745/laravel-how-to-hide-the-interpolation-code-before-vue-js-loads,"Viewed 1,547 times"
https://stackoverflow.com/questions/37570418/reload-captcha-image,"Viewed 8,498 times"
https://stackoverflow.com/questions/5592773/where-to-put-javascript-and-how-to-handle-events,Viewed 258 times
https://stackoverflow.com/questions/33066486/jscroll-js-with-laravel-5-nextselector-not-found-destroying,"Viewed 1,446 times"
https://stackoverflow.com/questions/46746561/adding-the-load-more-button-from-my-front-page-to-my-search-page,"Viewed 2,795 times"
https://stackoverflow.com/questions/42101786/dropzone-js-prevents-flask-from-rendering-template,"Viewed 4,299 times"
https://stackoverflow.com/questions/42139254/how-to-implement-a-stripe-checkout-custom-button,"Viewed 17,191 times"
https://stackoverflow.com/questions/10212686/social-icons-not-working-with-infinite-scrolling-on-wordpress,"Viewed 3,445 times"
https://stackoverflow.com/questions/6649125/calling-java-methods-in-javascript-code,"Viewed 128,286 times"
https://stackoverflow.com/questions/52367826/custom-plus-and-minus-quantity-buttons-in-woocommerce-3,"Viewed 35,277 times"
https://stackoverflow.com/questions/24450304/load-data-on-scroll-up-like-facebook-chatting-system,"Viewed 15,696 times"
https://stackoverflow.com/questions/39774300/jquery-datatables-asp-net-issue,Viewed 500 times
https://stackoverflow.com/questions/13209386/i-cannot-see-html5-eventsource-event-with-onmessage-method-in-chrome,"Viewed 3,419 times"
https://stackoverflow.com/questions/20111929/asp-net-button-on-click-not-firing-using-jquery-modal-dialog,"Viewed 16,641 times"
https://stackoverflow.com/questions/34362470/load-modal-after-form-submit,"Viewed 74,977 times"
https://stackoverflow.com/questions/37228791/custom-button-next-to-add-to-cart-button-of-woocommerce-based-on-product-type,"Viewed 9,294 times"
https://stackoverflow.com/questions/9303534/is-it-possible-to-use-jquery-inside-of-vaadin-framework,"Viewed 9,492 times"
https://stackoverflow.com/questions/9813774/youtube-iframe-api-seekto-not-a-method,"Viewed 9,582 times"
https://stackoverflow.com/questions/7699172/check-uncheck-all-checkboxes-with-javascript-in-a-php-array-with-keys,"Viewed 4,615 times"
https://stackoverflow.com/questions/21835623/jquery-img-src-replace-not-working,"Viewed 21,854 times"
https://stackoverflow.com/questions/13454985/asp-net-set-hiddenfield-a-value-in-javascript,"Viewed 157,383 times"
https://stackoverflow.com/questions/4107728/does-https-connection-disabled-jquery,Viewed 742 times
https://stackoverflow.com/questions/531311/how-can-i-generate-dynamic-javascript,"Viewed 7,471 times"
https://stackoverflow.com/questions/37772225/change-the-xlinkhref-of-an-image-in-a-svg-through-a-classic-a-link,"Viewed 13,476 times"
https://stackoverflow.com/questions/835259/show-hide-fields-depending-on-select-value,"Viewed 56,083 times"
https://stackoverflow.com/questions/39686611/column-sum-of-multiple-columns-of-dynamic-gridview-using-javascript,"Viewed 3,367 times"
https://stackoverflow.com/questions/30449098/how-to-customize-default-data-confirm-dialog-box-in-yii2-gridview,"Viewed 14,501 times"
https://stackoverflow.com/questions/18512184/google-maps-finding-all-the-markers-inside-a-given-radius-javascript-php,"Viewed 32,398 times"
https://stackoverflow.com/questions/15006048/dynamically-rethrowing-self-defined-c-exceptions-as-python-exceptions-using-sw,"Viewed 3,373 times"
https://stackoverflow.com/questions/5449067/gwt-2-x-entry-function,"Viewed 1,724 times"
https://stackoverflow.com/questions/8450481/method-without-return-value-in-python-c-extension-module,"Viewed 9,958 times"
https://stackoverflow.com/questions/43161227/no-response-when-validationexception-is-thrown-using-plupload-and-symfony3,Viewed 742 times
https://stackoverflow.com/questions/29352485/python-print-not-working-when-embedded-into-mpi-program,"Viewed 1,104 times"
https://stackoverflow.com/questions/39127512/java-uncaughtexceptionhandler-havent-got-any-exception-using-jni,Viewed 472 times
https://stackoverflow.com/questions/30308490/jni-wrapper-for-c-function-using-swig-what-should-be-the-typemap,"Viewed 1,843 times"
https://stackoverflow.com/questions/56787106/does-managed-languages-lock-flush-and-reload-variables-of-native-libraries,Viewed 119 times
https://stackoverflow.com/questions/24277488/in-python-how-to-capture-the-stdout-from-a-c-shared-library-to-a-variable,"Viewed 13,457 times"
https://stackoverflow.com/questions/1711490/returning-a-c-class-to-java-via-jni,"Viewed 21,529 times"
https://stackoverflow.com/questions/24492327/python-embedding-in-c-importerror-no-module-named-pyfunction,"Viewed 14,157 times"
https://stackoverflow.com/questions/41020068/running-python-script-in-laravel,"Viewed 31,713 times"
https://stackoverflow.com/questions/11123899/passing-a-c-sharp-class-object-in-and-out-of-a-c-dll-class,"Viewed 18,782 times"
https://stackoverflow.com/questions/25530727/c-python-api-second-call-of-pyimport-import-results-in-sigsegv,"Viewed 1,082 times"
https://stackoverflow.com/questions/16200997/why-doesnt-include-python-h-work,"Viewed 23,345 times"
https://stackoverflow.com/questions/57990269/passing-pointer-to-c-from-python-using-pybind11,"Viewed 3,153 times"
https://stackoverflow.com/questions/29595222/multithreading-with-python-and-c-api,"Viewed 10,417 times"
https://stackoverflow.com/questions/14762048/subprocess-call-in-python-to-invoke-java-jar-files-with-java-opts,"Viewed 18,415 times"
https://stackoverflow.com/questions/1014584/force-java-to-call-my-c-destructor-jni,"Viewed 7,817 times"
https://stackoverflow.com/questions/31436593/cython-templates-in-python-class-wrappers,"Viewed 2,814 times"
https://stackoverflow.com/questions/14482064/how-to-pass-variables-back-from-php-by-ajax,"Viewed 4,568 times"
https://stackoverflow.com/questions/15801782/how-to-correctly-pass-a-json-object-to-flask-server-using-jquery-ajax,"Viewed 7,797 times"
https://stackoverflow.com/questions/18115260/gwt-custom-event-trigger-in-javascript,"Viewed 1,723 times"
https://stackoverflow.com/questions/37474832/how-to-train-a-model-in-c-with-tensorflow,"Viewed 2,922 times"
https://stackoverflow.com/questions/7276389/confused-over-dll-entry-points-entry-point-not-found-exception,"Viewed 34,458 times"
https://stackoverflow.com/questions/43633044/generate-android-apk-using-shell-script-from-php,"Viewed 1,878 times"
https://stackoverflow.com/questions/21227506/how-to-call-a-javascript-function-before-and-after-button-click-event-call-in-as,"Viewed 86,272 times"
https://stackoverflow.com/questions/16908820/what-is-the-init-function-of-a-dynamic-module-in-python,"Viewed 3,258 times"
https://stackoverflow.com/questions/7289897/boost-serialization-and-boost-python-two-way-pickle,"Viewed 3,180 times"
https://stackoverflow.com/questions/19243020/in-python-get-the-output-of-system-command-as-a-string,"Viewed 96,664 times"
https://stackoverflow.com/questions/21877127/calling-system-loadlibrary-twice-for-the-same-shared-library,"Viewed 7,411 times"
https://stackoverflow.com/questions/3476762/java-hangs-even-though-scripts-execution-is-completed,"Viewed 3,561 times"
https://stackoverflow.com/questions/3712125/how-does-boost-python-work,"Viewed 1,463 times"
https://stackoverflow.com/questions/8358375/how-to-return-int-array-from-java-to-jni,"Viewed 6,312 times"
https://stackoverflow.com/questions/33276487/passing-javascript-array-from-view-to-laravel-controller,"Viewed 3,977 times"
https://stackoverflow.com/questions/6444131/using-a-python-script-in-java-eclipse,"Viewed 3,491 times"
https://stackoverflow.com/questions/8089351/exec-any-command-in-c,"Viewed 25,872 times"
https://stackoverflow.com/questions/20318158/run-python-script-directly-from-command-line,"Viewed 71,210 times"
https://stackoverflow.com/questions/38378901/jni-thread-model,"Viewed 3,975 times"
https://stackoverflow.com/questions/30263293/youtube-subscriptions-list-api-v3-nextpagetoken-isnt-available,"Viewed 1,836 times"
https://stackoverflow.com/questions/15240472/confirm-box-in-codeigniter-anchor-link-to-delete-record,"Viewed 39,832 times"
https://stackoverflow.com/questions/2842079/how-can-i-pass-a-javascript-function-to-a-java-method-to-act-as-a-callback-rhin,"Viewed 8,877 times"
https://stackoverflow.com/questions/30984078/cython-working-with-c-streams,"Viewed 2,055 times"
https://stackoverflow.com/questions/18878179/how-to-avoid-memory-leak-with-shared-ptr-and-swig,"Viewed 3,191 times"
https://stackoverflow.com/questions/29699543/how-to-get-swig-to-apply-templates-when-wrapping-a-template-class-containing-vec,"Viewed 1,583 times"
https://stackoverflow.com/questions/8884480/starting-and-killing-java-app-with-shell-script-debian,"Viewed 7,424 times"
https://stackoverflow.com/questions/1161142/not-receiving-callbacks-from-the-java-access-bridge,"Viewed 6,100 times"
https://stackoverflow.com/questions/7033953/python-cgi-program-wants-to-know-the-ip-address-of-the-calling-web-page,"Viewed 6,115 times"
https://stackoverflow.com/questions/29517675/how-to-get-asynchronous-javascript-responses-from-selenium-webdriver,"Viewed 8,546 times"
https://stackoverflow.com/questions/13322119/how-to-make-script-in-linux-use-my-interpteter-and-work,Viewed 246 times
https://stackoverflow.com/questions/3397513/how-do-i-access-return-value-of-a-java-method-returning-java-lang-string-from-c,"Viewed 16,185 times"
https://stackoverflow.com/questions/46750777/passing-a-javascript-array-of-strings-to-a-c-function-with-emscripten,Viewed 966 times
https://stackoverflow.com/questions/37206310/how-to-return-the-multiple-lists-from-controller-action-to-ajax-success-call-bac,"Viewed 2,996 times"
https://stackoverflow.com/questions/45387728/calling-a-c-style-function-pointer-in-a-webassembly-from-javascript,"Viewed 2,985 times"
https://stackoverflow.com/questions/5828803/how-to-call-code-behind-server-method-from-a-client-side-javascript-function,"Viewed 270,088 times"
https://stackoverflow.com/questions/22062824/how-do-i-map-a-function-call-from-c-to-java-using-javacpp,Viewed 425 times
https://stackoverflow.com/questions/2011311/running-java-with-java-opts-env-variable-has-no-effect,"Viewed 104,365 times"
https://stackoverflow.com/questions/16660049/extracting-arguments-from-kwargs-in-boostpython,"Viewed 3,244 times"
https://stackoverflow.com/questions/41875585/extending-and-embedding-python-in-c-is-pyimport-addmodule-required-to-import,"Viewed 1,326 times"
https://stackoverflow.com/questions/15300470/jquery-ajax-form-using-mail-php-script-sends-email-but-post-data-from-html-fo,"Viewed 111,914 times"
https://stackoverflow.com/questions/15923595/how-to-use-a-c-dll-in-unity3d,"Viewed 29,634 times"
https://stackoverflow.com/questions/21581560/php-how-to-know-if-server-allows-shell-exec,"Viewed 17,983 times"
https://stackoverflow.com/questions/24719592/sending-data-as-json-object-from-python-to-javascript-with-jinja,"Viewed 38,463 times"
https://stackoverflow.com/questions/10256315/python-c-extensions-why-must-callable-c-functions-take-arguments-and-return-py,"Viewed 2,801 times"
https://stackoverflow.com/questions/3078680/adding-printf-to-the-starting-of-all-functions-in-a-file,Viewed 881 times
https://stackoverflow.com/questions/7322420/calling-javascript-object-method-using-webbrowser-document-invokescript,"Viewed 30,166 times"
https://stackoverflow.com/questions/20692053/callback-as-parameter-of-c-structure-java-wrapper-generation,Viewed 881 times
https://stackoverflow.com/questions/54545813/using-kill-to-trigger-a-parents-waitpid,Viewed 210 times
https://stackoverflow.com/questions/35545598/custom-events-in-react-native-android-native-ui-component,"Viewed 4,253 times"
https://stackoverflow.com/questions/39498702/passing-arguments-to-python-from-shell-script,"Viewed 37,090 times"
https://stackoverflow.com/questions/5367515/how-to-call-a-c-dll-exported-function-from-c-sharp,"Viewed 8,035 times"
https://stackoverflow.com/questions/54636989/java-socket-fails-to-connect-to-0-0-0-0-with-noroutetohostexception-instead-of,"Viewed 1,458 times"
https://stackoverflow.com/questions/15414753/shared-memory-between-c-and-java-processes,"Viewed 16,428 times"
https://stackoverflow.com/questions/55964908/passing-jwt-token-to-sockjs,"Viewed 5,442 times"
https://stackoverflow.com/questions/21852459/tomcat-7-0-50-java-websocket-implementation-gives-404-error,"Viewed 11,137 times"
https://stackoverflow.com/questions/12249885/java-android-httpurlconnection-setchunkedstreamingmode-not-working-with-all-php,"Viewed 5,326 times"
https://stackoverflow.com/questions/23273628/angularjs-calling-java-functions,"Viewed 23,946 times"
https://stackoverflow.com/questions/14571582/cant-call-jnlp-deployed-applet-code-from-javascript,"Viewed 1,881 times"
https://stackoverflow.com/questions/20732980/how-to-use-socket-with-a-python-client-and-a-c-server,"Viewed 15,157 times"
https://stackoverflow.com/questions/22854749/flask-and-ajax-post-http-400-bad-request-error,"Viewed 10,038 times"
https://stackoverflow.com/questions/42475492/how-to-read-and-echo-file-size-of-uploaded-file-being-written-at-server-in-real,"Viewed 2,344 times"
https://stackoverflow.com/questions/18583273/issues-with-cors-flask-angularjs,"Viewed 4,309 times"
https://stackoverflow.com/questions/48777708/react-frontend-connecting-to-flask-backend-howto,"Viewed 11,660 times"
https://stackoverflow.com/questions/17834243/how-to-read-formdata-object-in-php,"Viewed 68,830 times"
https://stackoverflow.com/questions/49010415/flask-request-get-json-returning-none-when-valid-json-data-sent-via-post-reque,"Viewed 30,000 times"
https://stackoverflow.com/questions/19370223/why-is-my-ajax-request-getting-response-0,"Viewed 29,808 times"
https://stackoverflow.com/questions/42663777/html-vs-jsp-get-request-header-token-value,"Viewed 3,302 times"
https://stackoverflow.com/questions/31366855/how-to-bind-zeromq-socket-with-ratchet-web-socket-library-to-make-real-time-appl,"Viewed 3,258 times"
https://stackoverflow.com/questions/29626410/krajee-bootstrap-file-input-catching-ajax-success-response,"Viewed 41,144 times"
https://stackoverflow.com/questions/30971295/how-to-do-login-with-ajax-and-json-for-hibrid-mobile-app,"Viewed 1,094 times"
https://stackoverflow.com/questions/28386534/post-request-with-jquery-and-laravel-framework,"Viewed 22,442 times"
https://stackoverflow.com/questions/6314320/designing-javascript-frontend-c-backend-communication,"Viewed 6,248 times"
https://stackoverflow.com/questions/51585831/get-info-by-javascript-in-laravel,"Viewed 8,826 times"
https://stackoverflow.com/questions/8854816/keeping-the-cookie-after-a-cross-domain-ajax-request,"Viewed 20,310 times"
https://stackoverflow.com/questions/10405515/piping-in-shell-via-python-subprocess-module,"Viewed 7,378 times"
https://stackoverflow.com/questions/3752231/socket-no-route-to-host-error,"Viewed 15,992 times"
https://stackoverflow.com/questions/4024275/jetty-preflight-and-ajax,"Viewed 1,988 times"
https://stackoverflow.com/questions/31391483/long-polling-with-php-curl,"Viewed 1,422 times"
https://stackoverflow.com/questions/5169434/content-transfer-encoding-in-file-uploading-request,"Viewed 11,831 times"
https://stackoverflow.com/questions/29516515/how-to-get-a-zip-with-ajax-from-php-server,"Viewed 8,040 times"
https://stackoverflow.com/questions/10936407/ajax-type-post-post-method-to-php,"Viewed 114,935 times"
https://stackoverflow.com/questions/24192138/signalr-longpolling-multiple-groups-add-for-a-single-client-exception,"Viewed 2,351 times"
https://stackoverflow.com/questions/20084549/angularjs-form-post-data-not-posted,"Viewed 39,369 times"
https://stackoverflow.com/questions/21441786/post-to-php-from-node-js,"Viewed 15,746 times"
https://stackoverflow.com/questions/22329047/server-side-event-how-to-pass-parameters-to-server-side-script-append-query-s,"Viewed 7,016 times"
https://stackoverflow.com/questions/49509612/postman-access-full-request-body-to-calculate-hash-in-pre-request-script,"Viewed 9,098 times"
https://stackoverflow.com/questions/2853725/whats-the-best-way-to-debug-ajax-to-php-calls,"Viewed 11,331 times"
https://stackoverflow.com/questions/27635738/warning-missing-boundary-in-multipart-form-data-post-data-in-unknown-on-line-0,"Viewed 24,809 times"
https://stackoverflow.com/questions/37506637/how-to-clear-ajax-response,"Viewed 1,929 times"
https://stackoverflow.com/questions/8897642/submitting-from-jquery-to-php,Viewed 568 times
https://stackoverflow.com/questions/10740479/two-way-c-to-c-sharp-communication-using-named-pipes,"Viewed 15,784 times"
https://stackoverflow.com/questions/30680562/send-form-data-with-jquery-ajax-json,"Viewed 126,654 times"
https://stackoverflow.com/questions/29533254/integrate-node-js-and-socket-io-with-codeigniter,"Viewed 8,252 times"
https://stackoverflow.com/questions/3124636/detect-ajax-calling-url,"Viewed 5,083 times"
https://stackoverflow.com/questions/308054/learning-how-to-use-ajax-with-codeigniter,"Viewed 23,239 times"
https://stackoverflow.com/questions/29727436/upload-progress-bar-using-session-in-php-5-4-with-codeigniter,"Viewed 2,312 times"
https://stackoverflow.com/questions/11350769/ajax-call-in-jsf-2-0-myfaces-the-onevent-javascript-function-in-the-ajax-tag,"Viewed 15,645 times"
https://stackoverflow.com/questions/37690068/laravel-refresh-data-after-ajax,"Viewed 24,768 times"
https://stackoverflow.com/questions/30011998/asp-net-500-internal-server-error-while-calling-webmethod-from-javascript,"Viewed 30,698 times"
https://stackoverflow.com/questions/3558662/custom-javascript-ajax-for-asp-net,"Viewed 2,015 times"
https://stackoverflow.com/questions/16433794/get-ajax-post-data-on-php-via-javascript-call,"Viewed 9,697 times"
https://stackoverflow.com/questions/38898776/add-access-control-allow-origin-on-http-listener-in-c-rest-sdk,"Viewed 4,893 times"
https://stackoverflow.com/questions/7294830/sending-encoding-response-in-json,"Viewed 19,975 times"
https://stackoverflow.com/questions/33240409/how-to-submit-checkboxes-from-all-pages-with-jquery-datatables,"Viewed 21,326 times"
https://stackoverflow.com/questions/19155192/jquery-ajax-call-to-php-script-with-json-return,"Viewed 183,939 times"
https://stackoverflow.com/questions/11570713/how-to-receive-json-object-in-php,"Viewed 4,526 times"
https://stackoverflow.com/questions/3789881/create-and-call-python-function-from-string-via-c-api,"Viewed 10,551 times"
https://stackoverflow.com/questions/11138929/calling-c-functions-inside-javascript,"Viewed 19,255 times"
https://stackoverflow.com/questions/5107694/how-do-i-add-a-reference-to-an-unmanaged-c-project-called-by-a-c-sharp-project,"Viewed 35,162 times"
https://stackoverflow.com/questions/935664/possible-to-call-c-code-from-c,"Viewed 104,499 times"
https://stackoverflow.com/questions/16647186/calling-c-functions-in-python,"Viewed 48,579 times"
https://stackoverflow.com/questions/56466822/can-c-be-called-from-c-sharp-compiled-to-wasm,Viewed 901 times
https://stackoverflow.com/questions/2532907/combining-c-and-c-sharp,"Viewed 41,323 times"
https://stackoverflow.com/questions/15822788/how-to-call-a-c-api-from-c-sharp,"Viewed 7,964 times"
https://stackoverflow.com/questions/2211867/how-do-i-call-c-cli-from-c,"Viewed 84,527 times"
https://stackoverflow.com/questions/12738827/how-can-i-call-scikit-learn-classifiers-from-java,"Viewed 40,024 times"
https://stackoverflow.com/questions/29165155/calling-javascript-from-c-with-node-js,"Viewed 9,028 times"
https://stackoverflow.com/questions/2261347/amqp-c-implementation,"Viewed 6,631 times"
https://stackoverflow.com/questions/30686330/running-c-sharp-code-from-c-application-android-ndk-for-free,"Viewed 1,625 times"
https://stackoverflow.com/questions/8599595/send-json-data-from-javascript-to-php,"Viewed 121,875 times"
https://stackoverflow.com/questions/3146017/how-do-i-share-a-constant-between-c-sharp-and-c-code,"Viewed 6,565 times"
https://stackoverflow.com/questions/5965655/communication-between-php-and-python,"Viewed 15,455 times"
https://stackoverflow.com/questions/35462175/call-python-function-from-c-sharp-net,"Viewed 29,873 times"
https://stackoverflow.com/questions/5549562/running-php-script-php-function-in-linux-bash,"Viewed 181,294 times"
https://stackoverflow.com/questions/46812185/call-c-net-core-method-from-c,"Viewed 2,663 times"
https://stackoverflow.com/questions/44954565/wordpress-vue-js-contact-forms,"Viewed 2,113 times"
https://stackoverflow.com/questions/15499746/multi-language-integration-testing-framework,"Viewed 1,516 times"
https://stackoverflow.com/questions/8638984/send-post-data-to-php-without-using-an-html-form,"Viewed 86,681 times"
https://stackoverflow.com/questions/1792643/how-do-i-change-the-shell-for-phps-exec,"Viewed 10,291 times"
https://stackoverflow.com/questions/12292425/google-native-client-sending-binary-data-from-nacl-to-the-frontend,"Viewed 1,411 times"
https://stackoverflow.com/questions/31035467/for-a-push-notification-is-a-websocket-mandatory,"Viewed 38,858 times"
https://stackoverflow.com/questions/13231913/how-do-i-call-a-specific-method-from-a-python-script-in-c,"Viewed 28,900 times"
https://stackoverflow.com/questions/42601478/flask-calling-python-function-on-button-onclick-event,"Viewed 211,418 times"
https://stackoverflow.com/questions/32804020/create-a-shell-script-to-run-a-java-program-on-linux,"Viewed 48,943 times"
https://stackoverflow.com/questions/23949395/how-to-pass-a-javascript-array-to-a-python-script-using-flask-using-flask-examp,"Viewed 11,243 times"
https://stackoverflow.com/questions/11700501/python-cython-c-and-callbacks-calling-a-python-function-from-c-using-cython,"Viewed 4,833 times"
https://stackoverflow.com/questions/14184993/communication-between-c-and-c-sharp-application-through-network,"Viewed 1,388 times"
https://stackoverflow.com/questions/6619931/how-should-an-array-be-passed-to-a-javascript-function-from-c,"Viewed 10,503 times"
https://stackoverflow.com/questions/11741574/how-to-print-utf-8-encoded-text-to-the-console-in-python-3,"Viewed 105,625 times"
https://stackoverflow.com/questions/9623593/pass-javascript-variable-to-php-code,"Viewed 52,814 times"
https://stackoverflow.com/questions/38678239/execute-google-chart-api-javascript-in-php-file,"Viewed 2,270 times"
https://stackoverflow.com/questions/26855631/javascript-to-django-views-py,"Viewed 8,231 times"
https://stackoverflow.com/questions/33959189/how-to-locally-call-a-javascript-function-from-php-on-raspberry-pi,Viewed 214 times
https://stackoverflow.com/questions/36853411/using-javascript-to-call-c-in-internet-explorer,"Viewed 1,605 times"
https://stackoverflow.com/questions/46750959/how-to-write-event-handlers-and-detect-certain-javascript-calls-using-htmlunit,Viewed 195 times
https://stackoverflow.com/questions/23611396/python-execute-cat-subprocess-in-parallel,"Viewed 14,767 times"
https://stackoverflow.com/questions/23750661/send-json-object-from-javascript-to-php,"Viewed 20,095 times"
https://stackoverflow.com/questions/49070403/how-to-retrieve-variables-in-php-sent-by-axios-post-request,"Viewed 9,435 times"
https://stackoverflow.com/questions/34591729/how-to-execute-code-in-the-django-shell-by-an-external-python-script,"Viewed 14,188 times"
https://stackoverflow.com/questions/25383624/communication-between-c-and-python,"Viewed 18,726 times"
https://stackoverflow.com/questions/48082043/calling-c-sharp-code-within-python3-6,"Viewed 3,769 times"
https://stackoverflow.com/questions/28289699/python-web-scraping-for-javascript-generated-content,"Viewed 9,416 times"
https://stackoverflow.com/questions/28905849/limiting-memory-usage-of-a-java-rhino-nashorn-object,"Viewed 1,423 times"
https://stackoverflow.com/questions/8644289/adding-values-from-c-sharp-to-div-via-javascript,"Viewed 1,887 times"
https://stackoverflow.com/questions/36340948/how-can-i-get-data-from-a-websocket-url,"Viewed 10,715 times"
https://stackoverflow.com/questions/23157685/send-data-to-a-generic-handler-that-accepts-json-data-using-c-sharp,"Viewed 5,207 times"
https://stackoverflow.com/questions/4407843/sending-password-to-command-line-tools,"Viewed 4,409 times"
https://stackoverflow.com/questions/1733082/implement-a-comet-server-in-c-sharp,"Viewed 2,739 times"
https://stackoverflow.com/questions/50731650/is-it-possible-to-run-webassembly-code-async,"Viewed 4,635 times"
https://stackoverflow.com/questions/11834078/how-to-convert-zval-to-vector-for-php-extension,"Viewed 1,005 times"
https://stackoverflow.com/questions/42939357/communication-between-python-and-c-sharp,"Viewed 18,371 times"
https://stackoverflow.com/questions/34662448/net-c-interop-to-python,"Viewed 5,811 times"
https://stackoverflow.com/questions/34235763/execute-python-script-from-android-app-in-java,"Viewed 17,853 times"
https://stackoverflow.com/questions/4624507/building-64-bit-c-python-extensions-on-windows,"Viewed 6,844 times"
https://stackoverflow.com/questions/33310675/pass-file-into-function-from-python-ctypes,"Viewed 2,355 times"
https://stackoverflow.com/questions/22730210/send-log-errors-to-a-file,Viewed 172 times
https://stackoverflow.com/questions/2408771/how-to-get-selected-value-from-dropdownlist-in-asp-net-using-javascript,"Viewed 56,725 times"
https://stackoverflow.com/questions/42527598/call-c-class-methods-or-function-from-java-on-android-without-recreating-class,"Viewed 3,088 times"
https://stackoverflow.com/questions/7229027/how-to-get-data-to-javascript-from-php-using-json-encode,"Viewed 73,215 times"
https://stackoverflow.com/questions/7691599/execute-python-script-with-function-from-command-line-linux,"Viewed 48,617 times"
https://stackoverflow.com/questions/3774108/python-vs-lua-for-embedded-scripting-text-processing-engine,"Viewed 9,096 times"
https://stackoverflow.com/questions/18879056/submit-button-that-calls-js-function-and-then-posts-to-mysql,"Viewed 65,620 times"
https://stackoverflow.com/questions/10134963/prevent-page-scrolling-after-postback-and-maintain-position,"Viewed 45,254 times"
https://stackoverflow.com/questions/24484406/i-have-a-header-jsp-whose-style-keeps-changing-for-different-logins-its-a-dynami,Viewed 87 times
https://stackoverflow.com/questions/24745355/spa-firebase-and-net-webapi-2-authentication,"Viewed 5,166 times"
https://stackoverflow.com/questions/12717084/creating-custom-php-syntax-parser,"Viewed 2,226 times"
https://stackoverflow.com/questions/51663749/how-to-choose-solutions-for-secure-messaging-front-end-and-hipaa-compliant-datab,Viewed 232 times
https://stackoverflow.com/questions/1071377/how-to-capture-a-website-api-traffic-data-with-google-analytics,"Viewed 3,387 times"
https://stackoverflow.com/questions/30899484/python-flask-calling-functions-using-buttons,"Viewed 62,046 times"
https://stackoverflow.com/questions/1072920/user-friendly-framework-for-personal-website,"Viewed 6,023 times"
https://stackoverflow.com/questions/4276205/do-i-need-node-js-in-python-like-i-would-with-php,"Viewed 4,183 times"
https://stackoverflow.com/questions/15074566/open-source-alternative-to-addthis-addtoany-sharethis-etcfor-social-bookmarking,"Viewed 22,764 times"
https://stackoverflow.com/questions/5610333/how-to-query-database-using-javascript,"Viewed 69,672 times"
https://stackoverflow.com/questions/4746249/get-user-timezone,"Viewed 119,762 times"
https://stackoverflow.com/questions/6544416/php-vs-c-cgi-for-small-web-service,"Viewed 4,552 times"
https://stackoverflow.com/questions/32916803/angular-js-and-symfony2,"Viewed 1,133 times"
https://stackoverflow.com/questions/8866738/speed-of-php-vs-javascript,"Viewed 28,958 times"
https://stackoverflow.com/questions/8379314/alternative-to-java-spring-based-webservices,Viewed 432 times
https://stackoverflow.com/questions/22084698/how-to-export-source-content-within-div-to-text-html-file,"Viewed 57,921 times"
https://stackoverflow.com/questions/8546061/best-way-to-secure-javascript-front-end-rest-back-end-architecture-web-site,"Viewed 6,705 times"
https://stackoverflow.com/questions/2774074/best-practice-user-generated-html-cleaning,Viewed 889 times
https://stackoverflow.com/questions/29949338/encryption-between-desktop-app-and-server-c-sharp-to-php,"Viewed 2,080 times"
https://stackoverflow.com/questions/93911/how-can-you-run-javascript-using-rhino-for-java-in-a-sandbox,"Viewed 12,964 times"
